month;year;total;climadjust;anomaly;oni;maximum oni value;minimum oni value;condition;id
1;1950;24.56;26.18;-1.62;-1.4700000286102295;-1.4700000286102295;-1.4700000286102295;La Nina Event;1
2;1950;25.07;26.39;-1.32;-1.3366667032241821;-1.3366667032241821;-1.4700000286102295;La Nina Event;2
3;1950;25.88;26.95;-1.07;-1.1666667064030964;-1.1666667064030964;-1.4700000286102295;La Nina Event;3
4;1950;26.29;27.39;-1.11;-1.1833333571751912;-1.1666667064030964;-1.4700000286102295;La Nina Event;4
5;1950;26.19;27.56;-1.37;-1.0733333428700764;-1.0733333428700764;-1.4700000286102295;La Nina Event;5
6;1950;26.47;27.21;-0.74;-0.850000003973643;-0.850000003973643;-1.3366667032241821;La Nina Event;6
7;1950;26.28;26.72;-0.44;-0.5333333313465118;-0.5333333313465118;-1.1833333571751912;La Nina Event;7
8;1950;25.88;26.3;-0.42;-0.4233333269755046;-0.4233333269755046;-1.1833333571751912;Normal Conditions;8
9;1950;25.73;26.14;-0.41;-0.38333332538604736;-0.38333332538604736;-1.0733333428700764;Normal Conditions;9
10;1950;25.68;26.01;-0.32;-0.44333333770434064;-0.38333332538604736;-0.850000003973643;Normal Conditions;10
11;1950;25.46;26.06;-0.6;-0.600000003973643;-0.38333332538604736;-0.600000003973643;Normal Conditions;11
12;1950;25.29;26.18;-0.88;-0.800000011920929;-0.38333332538604736;-0.800000011920929;Normal Conditions;12
1;1951;25.26;26.18;-0.92;-0.8200000127156576;-0.38333332538604736;-0.8200000127156576;Normal Conditions;13
2;1951;25.72;26.39;-0.66;-0.5400000140070915;-0.44333333770434064;-0.8200000127156576;Normal Conditions;14
3;1951;26.91;26.95;-0.04;-0.16666667411724725;-0.16666667411724725;-0.8200000127156576;Normal Conditions;15
4;1951;27.59;27.39;0.2;0.17666666954755783;0.17666666954755783;-0.8200000127156576;Normal Conditions;16
5;1951;27.93;27.56;0.37;0.3633333295583725;0.3633333295583725;-0.8200000127156576;Normal Conditions;17
6;1951;27.73;27.21;0.52;0.5866666634877523;0.5866666634877523;-0.5400000140070915;Normal Conditions;18
7;1951;27.59;26.72;0.87;0.699999988079071;0.699999988079071;-0.16666667411724725;Normal Conditions;19
8;1951;27.01;26.3;0.71;0.8866666754086813;0.8866666754086813;0.17666666954755783;Normal Conditions;20
9;1951;27.22;26.14;1.08;0.9933333595593771;0.9933333595593771;0.3633333295583725;Normal Conditions;21
10;1951;27.2;26.01;1.19;1.1533333857854207;1.1533333857854207;0.5866666634877523;El Nino Event;22
11;1951;27.25;26.06;1.19;1.040000041325887;1.1533333857854207;0.699999988079071;El Nino Event;23
12;1951;26.92;26.18;0.74;0.8066666920979818;1.1533333857854207;0.8066666920979818;El Nino Event;24
1;1952;26.67;26.18;0.49;0.5333333412806193;1.1533333857854207;0.5333333412806193;El Nino Event;25
2;1952;26.75;26.39;0.37;0.3666666696468989;1.1533333857854207;0.3666666696468989;Normal Conditions;26
3;1952;27.19;26.95;0.24;0.3433333287636439;1.040000041325887;0.3433333287636439;Normal Conditions;27
4;1952;27.81;27.39;0.42;0.2966666618982951;0.8066666920979818;0.2966666618982951;Normal Conditions;28
5;1952;27.79;27.56;0.23;0.20666666390995184;0.5333333412806193;0.20666666390995184;Normal Conditions;29
6;1952;27.18;27.21;-0.03;6.20881716410319e-10;0.3666666696468989;6.20881716410319e-10;Normal Conditions;30
7;1952;26.52;26.72;-0.2;-0.07666666743655999;0.3433333287636439;-0.07666666743655999;Normal Conditions;31
8;1952;26.3;26.3;-0;0.0033333301544189453;0.2966666618982951;-0.07666666743655999;Normal Conditions;32
9;1952;26.35;26.14;0.21;0.15333333114782968;0.20666666390995184;-0.07666666743655999;Normal Conditions;33
10;1952;26.25;26.01;0.25;0.10666666428248088;0.15333333114782968;-0.07666666743655999;Normal Conditions;34
11;1952;25.92;26.06;-0.14;0.0466666662444671;0.15333333114782968;-0.07666666743655999;Normal Conditions;35
12;1952;26.21;26.18;0.03;0.15000000037252903;0.15333333114782968;0.0033333301544189453;Normal Conditions;36
1;1953;26.74;26.18;0.56;0.40000000533958274;0.40000000533958274;0.0466666662444671;Normal Conditions;37
2;1953;27;26.39;0.61;0.596666673819224;0.596666673819224;0.0466666662444671;Normal Conditions;38
3;1953;27.57;26.95;0.62;0.6233333349227905;0.6233333349227905;0.0466666662444671;Normal Conditions;39
4;1953;28.03;27.39;0.64;0.6566666563351949;0.6566666563351949;0.15000000037252903;Normal Conditions;40
5;1953;28.28;27.56;0.71;0.749999980131785;0.749999980131785;0.40000000533958274;Normal Conditions;41
6;1953;28.12;27.21;0.9;0.7699999809265137;0.7699999809265137;0.596666673819224;El Nino Event;42
7;1953;27.42;26.72;0.7;0.7433333198229471;0.7699999809265137;0.6233333349227905;El Nino Event;43
8;1953;26.93;26.3;0.63;0.7266666690508524;0.7699999809265137;0.6566666563351949;El Nino Event;44
9;1953;27;26.14;0.85;0.7800000111262003;0.7800000111262003;0.7266666690508524;El Nino Event;45
10;1953;26.87;26.01;0.86;0.8433333436648051;0.8433333436648051;0.7266666690508524;El Nino Event;46
11;1953;26.88;26.06;0.82;0.8366666634877523;0.8433333436648051;0.7266666690508524;El Nino Event;47
12;1953;27.01;26.18;0.83;0.8166666626930237;0.8433333436648051;0.7266666690508524;El Nino Event;48
1;1954;26.98;26.18;0.8;0.7566666603088379;0.8433333436648051;0.7566666603088379;El Nino Event;49
2;1954;27.03;26.39;0.64;0.4666666661699613;0.8433333436648051;0.4666666661699613;Normal Conditions;50
3;1954;26.91;26.95;-0.04;-0.04666667431592941;0.8366666634877523;-0.04666667431592941;Normal Conditions;51
4;1954;26.65;27.39;-0.74;-0.4099999989072482;0.8166666626930237;-0.4099999989072482;Normal Conditions;52
5;1954;27.11;27.56;-0.45;-0.5366666615009308;0.7566666603088379;-0.5366666615009308;Normal Conditions;53
6;1954;26.79;27.21;-0.42;-0.4966666599114736;0.4666666661699613;-0.5366666615009308;Normal Conditions;54
7;1954;26.1;26.72;-0.62;-0.6399999956289927;-0.04666667431592941;-0.6399999956289927;Normal Conditions;55
8;1954;25.42;26.3;-0.88;-0.8433333237965902;-0.4099999989072482;-0.8433333237965902;Normal Conditions;56
9;1954;25.11;26.14;-1.03;-0.8966666460037231;-0.4966666599114736;-0.8966666460037231;Normal Conditions;57
10;1954;25.22;26.01;-0.78;-0.7699999809265137;-0.4966666599114736;-0.8966666460037231;Normal Conditions;58
11;1954;25.56;26.06;-0.5;-0.7299999992052714;-0.6399999956289927;-0.8966666460037231;La Nina Event;59
12;1954;25.26;26.18;-0.91;-0.6566666762034098;-0.6566666762034098;-0.8966666460037231;La Nina Event;60
1;1955;25.62;26.18;-0.56;-0.6800000071525574;-0.6566666762034098;-0.8966666460037231;La Nina Event;61
2;1955;25.82;26.39;-0.57;-0.6166666746139526;-0.6166666746139526;-0.7699999809265137;La Nina Event;62
3;1955;26.23;26.95;-0.72;-0.6899999976158142;-0.6166666746139526;-0.7299999992052714;La Nina Event;63
4;1955;26.61;27.39;-0.78;-0.8033333420753479;-0.6166666746139526;-0.8033333420753479;La Nina Event;64
5;1955;26.65;27.56;-0.91;-0.7866666714350382;-0.6166666746139526;-0.8033333420753479;La Nina Event;65
6;1955;26.54;27.21;-0.67;-0.7200000087420145;-0.6166666746139526;-0.8033333420753479;La Nina Event;66
7;1955;26.14;26.72;-0.58;-0.6833333373069763;-0.6833333373069763;-0.8033333420753479;La Nina Event;67
8;1955;25.5;26.3;-0.8;-0.75;-0.6833333373069763;-0.8033333420753479;La Nina Event;68
9;1955;25.28;26.14;-0.87;-1.0900000135103862;-0.6833333373069763;-1.0900000135103862;La Nina Event;69
10;1955;24.41;26.01;-1.6;-1.4266666571299236;-0.6833333373069763;-1.4266666571299236;La Nina Event;70
11;1955;24.25;26.06;-1.81;-1.6733333269755046;-0.6833333373069763;-1.6733333269755046;La Nina Event;71
12;1955;24.57;26.18;-1.61;-1.4699999888737996;-0.75;-1.6733333269755046;La Nina Event;72
1;1956;25.34;26.33;-0.99;-1.1133333444595337;-1.0900000135103862;-1.6733333269755046;La Nina Event;73
2;1956;25.77;26.51;-0.74;-0.7566666801770529;-0.7566666801770529;-1.6733333269755046;La Nina Event;74
3;1956;26.47;27.01;-0.54;-0.6266666849454244;-0.6266666849454244;-1.6733333269755046;La Nina Event;75
4;1956;26.86;27.46;-0.6;-0.5333333512147268;-0.5333333512147268;-1.4699999888737996;La Nina Event;76
5;1956;27.13;27.59;-0.46;-0.5133333404858907;-0.5133333404858907;-1.1133333444595337;La Nina Event;77
6;1956;26.81;27.29;-0.48;-0.5066666603088379;-0.5066666603088379;-0.7566666801770529;La Nina Event;78
7;1956;26.22;26.8;-0.58;-0.5699999829133352;-0.5066666603088379;-0.6266666849454244;La Nina Event;79
8;1956;25.67;26.32;-0.65;-0.5533333222071329;-0.5066666603088379;-0.5699999829133352;La Nina Event;80
9;1956;25.72;26.15;-0.43;-0.4566666583220164;-0.4566666583220164;-0.5699999829133352;Normal Conditions;81
10;1956;25.74;26.03;-0.29;-0.42000000675519306;-0.42000000675519306;-0.5699999829133352;Normal Conditions;82
11;1956;25.56;26.1;-0.54;-0.4333333373069763;-0.42000000675519306;-0.5699999829133352;Normal Conditions;83
12;1956;25.71;26.18;-0.47;-0.4333333373069763;-0.42000000675519306;-0.5533333222071329;Normal Conditions;84
1;1957;26.04;26.33;-0.29;-0.2466666636367639;-0.2466666636367639;-0.4566666583220164;Normal Conditions;85
2;1957;26.54;26.51;0.02;0.05999999865889549;0.05999999865889549;-0.4333333373069763;Normal Conditions;86
3;1957;27.46;27.01;0.45;0.41333332285284996;0.41333332285284996;-0.4333333373069763;Normal Conditions;87
4;1957;28.23;27.46;0.77;0.7199999888737997;0.7199999888737997;-0.4333333373069763;Normal Conditions;88
5;1957;28.54;27.59;0.94;0.9199999769528707;0.9199999769528707;-0.2466666636367639;Normal Conditions;89
6;1957;28.35;27.29;1.05;1.1099999944369;1.1099999944369;0.05999999865889549;Normal Conditions;90
7;1957;28.15;26.8;1.34;1.25;1.25;0.41333332285284996;Normal Conditions;91
8;1957;27.68;26.32;1.36;1.3233333428700764;1.3233333428700764;0.7199999888737997;El Nino Event;92
9;1957;27.42;26.15;1.27;1.3333333333333333;1.3333333333333333;0.9199999769528707;El Nino Event;93
10;1957;27.41;26.03;1.37;1.3866666555404663;1.3866666555404663;1.1099999944369;El Nino Event;94
11;1957;27.62;26.1;1.52;1.5333333412806194;1.5333333412806194;1.25;El Nino Event;95
12;1957;27.89;26.18;1.71;1.7366666793823242;1.7366666793823242;1.3233333428700764;El Nino Event;96
1;1958;28.32;26.33;1.98;1.8033333619435628;1.8033333619435628;1.3333333333333333;El Nino Event;97
2;1958;28.24;26.51;1.72;1.653333346048991;1.8033333619435628;1.3866666555404663;El Nino Event;98
3;1958;28.27;27.01;1.26;1.2633333404858906;1.8033333619435628;1.2633333404858906;El Nino Event;99
4;1958;28.28;27.46;0.81;0.9266666571299235;1.8033333619435628;0.9266666571299235;El Nino Event;100
5;1958;28.3;27.59;0.71;0.7366666595141093;1.8033333619435628;0.7366666595141093;El Nino Event;101
6;1958;27.98;27.29;0.69;0.6366666555404663;1.653333346048991;0.6366666555404663;El Nino Event;102
7;1958;27.31;26.8;0.51;0.5733333230018616;1.2633333404858906;0.5733333230018616;El Nino Event;103
8;1958;26.84;26.32;0.52;0.4266666571299235;0.9266666571299235;0.4266666571299235;Normal Conditions;104
9;1958;26.4;26.15;0.25;0.3933333257834117;0.7366666595141093;0.3933333257834117;Normal Conditions;105
10;1958;26.45;26.03;0.41;0.4366666575272878;0.6366666555404663;0.3933333257834117;Normal Conditions;106
11;1958;26.75;26.1;0.65;0.4999999900658925;0.5733333230018616;0.3933333257834117;Normal Conditions;107
12;1958;26.61;26.18;0.44;0.6099999944368998;0.6099999944368998;0.3933333257834117;Normal Conditions;108
1;1959;27.07;26.33;0.74;0.6166666746139526;0.6166666746139526;0.3933333257834117;Normal Conditions;109
2;1959;27.18;26.51;0.67;0.623333344856898;0.623333344856898;0.4366666575272878;Normal Conditions;110
3;1959;27.47;27.01;0.46;0.5166666706403097;0.623333344856898;0.4999999900658925;Normal Conditions;111
4;1959;27.88;27.46;0.42;0.3266666655739148;0.623333344856898;0.3266666655739148;Normal Conditions;112
5;1959;27.69;27.59;0.1;0.19666666289170584;0.623333344856898;0.19666666289170584;Normal Conditions;113
6;1959;27.36;27.29;0.07;-0.06666666766007741;0.623333344856898;-0.06666666766007741;Normal Conditions;114
7;1959;26.43;26.8;-0.37;-0.17999999970197678;0.5166666706403097;-0.17999999970197678;Normal Conditions;115
8;1959;26.09;26.32;-0.24;-0.2800000011920929;0.3266666655739148;-0.2800000011920929;Normal Conditions;116
9;1959;25.92;26.15;-0.23;-0.08999999860922496;0.19666666289170584;-0.2800000011920929;Normal Conditions;117
10;1959;26.24;26.03;0.2;-0.029999999950329464;-0.029999999950329464;-0.2800000011920929;Normal Conditions;118
11;1959;26.04;26.1;-0.06;0.04666666810711225;0.04666666810711225;-0.2800000011920929;Normal Conditions;119
12;1959;26.18;26.18;0;-0.04333333298563957;0.04666666810711225;-0.2800000011920929;Normal Conditions;120
1;1960;26.26;26.33;-0.07;-0.09666666636864345;0.04666666810711225;-0.09666666636864345;Normal Conditions;121
2;1960;26.29;26.51;-0.22;-0.10333333288629849;0.04666666810711225;-0.10333333288629849;Normal Conditions;122
3;1960;26.99;27.01;-0.02;-0.0699999996771415;0.04666666810711225;-0.10333333288629849;Normal Conditions;123
4;1960;27.49;27.46;0.03;0.029999999329447746;0.029999999329447746;-0.10333333288629849;Normal Conditions;124
5;1960;27.68;27.59;0.08;0.016666666294137638;0.029999999329447746;-0.10333333288629849;Normal Conditions;125
6;1960;27.23;27.29;-0.06;0.029999999950329464;0.029999999950329464;-0.10333333288629849;Normal Conditions;126
7;1960;26.87;26.8;0.07;0.12333333864808083;0.12333333864808083;-0.0699999996771415;Normal Conditions;127
8;1960;26.69;26.32;0.36;0.23666667193174362;0.23666667193174362;0.016666666294137638;Normal Conditions;128
9;1960;26.43;26.15;0.28;0.273333340883255;0.273333340883255;0.016666666294137638;Normal Conditions;129
10;1960;26.21;26.03;0.18;0.20333333810170492;0.273333340883255;0.029999999950329464;Normal Conditions;130
11;1960;26.25;26.1;0.15;0.1233333374063174;0.273333340883255;0.1233333374063174;Normal Conditions;131
12;1960;26.22;26.18;0.04;0.050000001986821495;0.273333340883255;0.050000001986821495;Normal Conditions;132
1;1961;26.23;26.27;-0.04;0.033333333830038704;0.273333340883255;0.033333333830038704;Normal Conditions;133
2;1961;26.56;26.45;0.1;0.02666666731238365;0.20333333810170492;0.02666666731238365;Normal Conditions;134
3;1961;26.94;26.92;0.02;0.040000000347693764;0.1233333374063174;0.02666666731238365;Normal Conditions;135
4;1961;27.37;27.37;-0;0.09333333000540733;0.09333333000540733;0.02666666731238365;Normal Conditions;136
5;1961;27.75;27.49;0.26;0.23333332935969034;0.23333332935969034;0.02666666731238365;Normal Conditions;137
6;1961;27.66;27.22;0.44;0.26999999582767487;0.26999999582767487;0.02666666731238365;Normal Conditions;138
7;1961;26.87;26.76;0.11;0.14333333323399225;0.26999999582767487;0.040000000347693764;Normal Conditions;139
8;1961;26.18;26.3;-0.12;-0.12999999771515527;0.26999999582767487;-0.12999999771515527;Normal Conditions;140
9;1961;25.78;26.16;-0.38;-0.2933333292603493;0.26999999582767487;-0.2933333292603493;Normal Conditions;141
10;1961;25.7;26.09;-0.38;-0.25666666341324645;0.26999999582767487;-0.2933333292603493;Normal Conditions;142
11;1961;26.07;26.08;-0.01;-0.18333333047727743;0.14333333323399225;-0.2933333292603493;Normal Conditions;143
12;1961;25.98;26.14;-0.16;-0.15666666937371096;-0.12999999771515527;-0.2933333292603493;Normal Conditions;144
1;1962;25.96;26.27;-0.3;-0.2399999996026357;-0.15666666937371096;-0.2933333292603493;Normal Conditions;145
2;1962;26.2;26.45;-0.26;-0.2233333339293798;-0.15666666937371096;-0.25666666341324645;Normal Conditions;146
3;1962;26.81;26.92;-0.11;-0.20333332816759744;-0.15666666937371096;-0.2399999996026357;Normal Conditions;147
4;1962;27.13;27.37;-0.24;-0.26333333055178326;-0.15666666937371096;-0.26333333055178326;Normal Conditions;148
5;1962;27.05;27.49;-0.44;-0.2733333309491475;-0.20333332816759744;-0.2733333309491475;Normal Conditions;149
6;1962;27.08;27.22;-0.14;-0.1933333327372869;-0.1933333327372869;-0.2733333309491475;Normal Conditions;150
7;1962;26.75;26.76;-0;-0.040000000347693764;-0.040000000347693764;-0.2733333309491475;Normal Conditions;151
8;1962;26.32;26.3;0.02;-0.07000000153978665;-0.040000000347693764;-0.2733333309491475;Normal Conditions;152
9;1962;25.93;26.16;-0.23;-0.11000000064571698;-0.040000000347693764;-0.2733333309491475;Normal Conditions;153
10;1962;25.96;26.09;-0.12;-0.2233333314458529;-0.040000000347693764;-0.2233333314458529;Normal Conditions;154
11;1962;25.75;26.08;-0.32;-0.3033333296577136;-0.040000000347693764;-0.3033333296577136;Normal Conditions;155
12;1962;25.67;26.14;-0.47;-0.4299999972184499;-0.07000000153978665;-0.4299999972184499;Normal Conditions;156
1;1963;25.77;26.27;-0.5;-0.40000000099341076;-0.11000000064571698;-0.4299999972184499;Normal Conditions;157
2;1963;26.23;26.45;-0.23;-0.1566666712363561;-0.1566666712363561;-0.4299999972184499;Normal Conditions;158
3;1963;27.18;26.92;0.26;0.14666666090488434;0.14666666090488434;-0.4299999972184499;Normal Conditions;159
4;1963;27.79;27.37;0.41;0.26999999582767487;0.26999999582767487;-0.4299999972184499;Normal Conditions;160
5;1963;27.63;27.49;0.14;0.313333327571551;0.313333327571551;-0.40000000099341076;Normal Conditions;161
6;1963;27.61;27.22;0.39;0.5166666557391485;0.5166666557391485;-0.1566666712363561;Normal Conditions;162
7;1963;27.77;26.76;1.02;0.8599999745686849;0.8599999745686849;0.14666666090488434;Normal Conditions;163
8;1963;27.47;26.3;1.17;1.1399999856948853;1.1399999856948853;0.26999999582767487;Normal Conditions;164
9;1963;27.39;26.16;1.23;1.2199999888737996;1.2199999888737996;0.313333327571551;Normal Conditions;165
10;1963;27.35;26.09;1.26;1.2933333317438762;1.2933333317438762;0.5166666557391485;El Nino Event;166
11;1963;27.46;26.08;1.39;1.3733333349227905;1.3733333349227905;0.8599999745686849;El Nino Event;167
12;1963;27.61;26.14;1.47;1.306666652361552;1.3733333349227905;1.1399999856948853;El Nino Event;168
1;1964;27.33;26.27;1.06;1.0699999928474426;1.3733333349227905;1.0699999928474426;El Nino Event;169
2;1964;27.13;26.45;0.68;0.6133333171407381;1.3733333349227905;0.6133333171407381;El Nino Event;170
3;1964;27.02;26.92;0.1;0.12000000725189845;1.3733333349227905;0.12000000725189845;Normal Conditions;171
4;1964;26.95;27.37;-0.42;-0.33000000069538754;1.306666652361552;-0.33000000069538754;Normal Conditions;172
5;1964;26.82;27.49;-0.67;-0.5766666630903879;1.0699999928474426;-0.5766666630903879;Normal Conditions;173
6;1964;26.58;27.22;-0.64;-0.5800000031789144;0.6133333171407381;-0.5800000031789144;Normal Conditions;174
7;1964;26.33;26.76;-0.43;-0.596666673819224;0.12000000725189845;-0.596666673819224;Normal Conditions;175
8;1964;25.59;26.3;-0.72;-0.6633333365122477;-0.33000000069538754;-0.6633333365122477;Normal Conditions;176
9;1964;25.32;26.16;-0.84;-0.7633333404858907;-0.5766666630903879;-0.7633333404858907;La Nina Event;177
10;1964;25.36;26.09;-0.73;-0.796666661898295;-0.5800000031789144;-0.796666661898295;La Nina Event;178
11;1964;25.26;26.08;-0.82;-0.8233333428700765;-0.596666673819224;-0.8233333428700765;La Nina Event;179
12;1964;25.22;26.14;-0.92;-0.7833333412806193;-0.6633333365122477;-0.8233333428700765;La Nina Event;180
1;1965;25.66;26.27;-0.61;-0.5933333436648051;-0.5933333436648051;-0.8233333428700765;La Nina Event;181
2;1965;26.2;26.45;-0.25;-0.2766666716585557;-0.2766666716585557;-0.8233333428700765;Normal Conditions;182
3;1965;26.95;26.92;0.03;-0.07000000029802322;-0.07000000029802322;-0.8233333428700765;Normal Conditions;183
4;1965;27.38;27.37;0.01;0.17999999970197678;0.17999999970197678;-0.7833333412806193;Normal Conditions;184
5;1965;27.99;27.49;0.5;0.45666667136053246;0.45666667136053246;-0.5933333436648051;Normal Conditions;185
6;1965;28.08;27.22;0.86;0.8333333333333334;0.8333333333333334;-0.2766666716585557;Normal Conditions;186
7;1965;27.89;26.76;1.14;1.2199999888737996;1.2199999888737996;-0.07000000029802322;Normal Conditions;187
8;1965;27.96;26.3;1.66;1.5466666618982952;1.5466666618982952;0.17999999970197678;Normal Conditions;188
9;1965;28;26.16;1.84;1.853333314259847;1.853333314259847;0.45666667136053246;Normal Conditions;189
10;1965;28.15;26.09;2.06;1.9766666491826375;1.9766666491826375;0.8333333333333334;El Nino Event;190
11;1965;28.11;26.08;2.03;1.966666618982951;1.9766666491826375;1.2199999888737996;El Nino Event;191
12;1965;27.95;26.14;1.81;1.716666618982951;1.9766666491826375;1.5466666618982952;El Nino Event;192
1;1966;27.66;26.36;1.31;1.3733332951863606;1.9766666491826375;1.3733332951863606;El Nino Event;193
2;1966;27.55;26.56;1;1.1666666666666667;1.9766666491826375;1.1666666666666667;El Nino Event;194
3;1966;28.21;27.02;1.19;0.9833333492279053;1.966666618982951;0.9833333492279053;El Nino Event;195
4;1966;28.16;27.4;0.76;0.656666682412227;1.716666618982951;0.656666682412227;El Nino Event;196
5;1966;27.55;27.53;0.02;0.3566666605571906;1.3733332951863606;0.3566666605571906;Normal Conditions;197
6;1966;27.63;27.35;0.29;0.24333332603176436;1.1666666666666667;0.24333332603176436;Normal Conditions;198
7;1966;27.32;26.9;0.42;0.24333332603176436;0.9833333492279053;0.24333332603176436;Normal Conditions;199
8;1966;26.48;26.46;0.02;0.12333332871397336;0.656666682412227;0.12333332871397336;Normal Conditions;200
9;1966;26.27;26.34;-0.07;-0.05333333338300387;0.3566666605571906;-0.05333333338300387;Normal Conditions;201
10;1966;26.22;26.33;-0.11;-0.09999999900658925;0.24333332603176436;-0.09999999900658925;Normal Conditions;202
11;1966;26.23;26.35;-0.12;-0.17999999970197678;0.24333332603176436;-0.17999999970197678;Normal Conditions;203
12;1966;26.02;26.33;-0.31;-0.3033333296577136;0.12333332871397336;-0.3033333296577136;Normal Conditions;204
1;1967;25.88;26.36;-0.48;-0.4099999964237213;-0.05333333338300387;-0.4099999964237213;Normal Conditions;205
2;1967;26.12;26.56;-0.44;-0.476666659116745;-0.09999999900658925;-0.476666659116745;Normal Conditions;206
3;1967;26.51;27.02;-0.51;-0.5366666714350382;-0.17999999970197678;-0.5366666714350382;Normal Conditions;207
4;1967;26.75;27.4;-0.66;-0.45000000794728595;-0.3033333296577136;-0.5366666714350382;Normal Conditions;208
5;1967;27.35;27.53;-0.18;-0.24000001202027002;-0.24000001202027002;-0.5366666714350382;Normal Conditions;209
6;1967;27.46;27.35;0.12;-3.725290298461914e-09;-3.725290298461914e-09;-0.5366666714350382;Normal Conditions;210
7;1967;26.96;26.9;0.06;0.04999999888241291;0.04999999888241291;-0.5366666714350382;Normal Conditions;211
8;1967;26.43;26.46;-0.03;-0.15333333673576513;0.04999999888241291;-0.45000000794728595;Normal Conditions;212
9;1967;25.85;26.34;-0.49;-0.2933333410571019;0.04999999888241291;-0.2933333410571019;Normal Conditions;213
10;1967;25.96;26.33;-0.36;-0.37666667501131695;0.04999999888241291;-0.37666667501131695;Normal Conditions;214
11;1967;26.07;26.35;-0.28;-0.3400000035762787;0.04999999888241291;-0.37666667501131695;Normal Conditions;215
12;1967;25.95;26.33;-0.38;-0.4400000075499217;-0.15333333673576513;-0.4400000075499217;Normal Conditions;216
1;1968;25.69;26.36;-0.66;-0.6333333452542623;-0.2933333410571019;-0.6333333452542623;Normal Conditions;217
2;1968;25.69;26.56;-0.86;-0.7333333492279053;-0.3400000035762787;-0.7333333492279053;Normal Conditions;218
3;1968;26.34;27.02;-0.68;-0.6133333444595337;-0.3400000035762787;-0.7333333492279053;Normal Conditions;219
4;1968;27.1;27.4;-0.3;-0.4400000075499217;-0.4400000075499217;-0.7333333492279053;Normal Conditions;220
5;1968;27.19;27.53;-0.34;-0.04000001152356466;-0.04000001152356466;-0.7333333492279053;Normal Conditions;221
6;1968;27.87;27.35;0.52;0.2800000011920929;0.2800000011920929;-0.7333333492279053;Normal Conditions;222
7;1968;27.57;26.9;0.66;0.5733333428700765;0.5733333428700765;-0.6133333444595337;Normal Conditions;223
8;1968;27;26.46;0.54;0.5266666809717814;0.5733333428700765;-0.4400000075499217;Normal Conditions;224
9;1968;26.72;26.34;0.38;0.4466666678587596;0.5733333428700765;-0.04000001152356466;Normal Conditions;225
10;1968;26.75;26.33;0.42;0.5500000019868215;0.5733333428700765;0.2800000011920929;Normal Conditions;226
11;1968;27.2;26.35;0.85;0.7366666694482168;0.7366666694482168;0.4466666678587596;Normal Conditions;227
12;1968;27.27;26.33;0.94;0.9766666690508524;0.9766666690508524;0.4466666678587596;Normal Conditions;228
1;1969;27.5;26.36;1.14;1.1299999753634136;1.1299999753634136;0.4466666678587596;Normal Conditions;229
2;1969;27.86;26.56;1.31;1.0866666436195374;1.1299999753634136;0.5500000019868215;El Nino Event;230
3;1969;27.83;27.02;0.81;0.949999988079071;1.1299999753634136;0.7366666694482168;El Nino Event;231
4;1969;28.14;27.4;0.73;0.7666666706403097;1.1299999753634136;0.7666666706403097;El Nino Event;232
5;1969;28.29;27.53;0.76;0.6133333345254263;1.1299999753634136;0.6133333345254263;El Nino Event;233
6;1969;27.69;27.35;0.35;0.4299999972184499;1.0866666436195374;0.4299999972184499;Normal Conditions;234
7;1969;27.08;26.9;0.18;0.3633333345254262;0.949999988079071;0.3633333345254262;Normal Conditions;235
8;1969;27.02;26.46;0.56;0.5166666706403097;0.7666666706403097;0.3633333345254262;Normal Conditions;236
9;1969;27.15;26.34;0.81;0.7933333317438761;0.7933333317438761;0.3633333345254262;Normal Conditions;237
10;1969;27.34;26.33;1.01;0.8599999944368998;0.8599999944368998;0.3633333345254262;Normal Conditions;238
11;1969;27.11;26.35;0.76;0.8100000023841858;0.8599999944368998;0.3633333345254262;Normal Conditions;239
12;1969;26.98;26.33;0.66;0.6333333353201548;0.8599999944368998;0.5166666706403097;El Nino Event;240
1;1970;26.84;26.36;0.48;0.5166666706403097;0.8599999944368998;0.5166666706403097;El Nino Event;241
2;1970;26.96;26.56;0.41;0.3399999936421712;0.8599999944368998;0.3399999936421712;Normal Conditions;242
3;1970;27.15;27.02;0.13;0.29333333174387616;0.8100000023841858;0.29333333174387616;Normal Conditions;243
4;1970;27.75;27.4;0.34;0.19000000009934107;0.6333333353201548;0.19000000009934107;Normal Conditions;244
5;1970;27.63;27.53;0.1;0.04333333422740301;0.5166666706403097;0.04333333422740301;Normal Conditions;245
6;1970;27.03;27.35;-0.31;-0.3033333296577136;0.3399999936421712;-0.3033333296577136;Normal Conditions;246
7;1970;26.21;26.9;-0.7;-0.6266666650772095;0.29333333174387616;-0.6266666650772095;Normal Conditions;247
8;1970;25.59;26.46;-0.87;-0.7566666603088379;0.19000000009934107;-0.7566666603088379;Normal Conditions;248
9;1970;25.64;26.34;-0.7;-0.7666666706403097;0.04333333422740301;-0.7666666706403097;Normal Conditions;249
10;1970;25.59;26.33;-0.73;-0.7366666595141093;-0.3033333296577136;-0.7666666706403097;Normal Conditions;250
11;1970;25.57;26.35;-0.78;-0.856666644414266;-0.6266666650772095;-0.856666644414266;La Nina Event;251
12;1970;25.27;26.33;-1.06;-1.1466666460037231;-0.7366666595141093;-1.1466666460037231;La Nina Event;252
1;1971;24.82;26.42;-1.6;-1.3599999745686848;-0.7366666595141093;-1.3599999745686848;La Nina Event;253
2;1971;25.2;26.61;-1.42;-1.3833333253860474;-0.7366666595141093;-1.3833333253860474;La Nina Event;254
3;1971;25.93;27.06;-1.13;-1.1166666547457378;-0.856666644414266;-1.3833333253860474;La Nina Event;255
4;1971;26.64;27.44;-0.8;-0.846666673819224;-0.846666673819224;-1.3833333253860474;La Nina Event;256
5;1971;26.95;27.56;-0.61;-0.7299999992052714;-0.7299999992052714;-1.3833333253860474;La Nina Event;257
6;1971;26.6;27.38;-0.78;-0.7366666595141093;-0.7299999992052714;-1.3833333253860474;La Nina Event;258
7;1971;26.12;26.94;-0.82;-0.796666661898295;-0.7299999992052714;-1.1166666547457378;La Nina Event;259
8;1971;25.74;26.54;-0.79;-0.7733333309491476;-0.7299999992052714;-0.846666673819224;La Nina Event;260
9;1971;25.71;26.42;-0.71;-0.8199999928474426;-0.7299999992052714;-0.8199999928474426;La Nina Event;261
10;1971;25.47;26.43;-0.96;-0.8499999841054281;-0.7366666595141093;-0.8499999841054281;La Nina Event;262
11;1971;25.55;26.43;-0.88;-0.9566666483879089;-0.7733333309491476;-0.9566666483879089;La Nina Event;263
12;1971;25.37;26.4;-1.03;-0.8966666460037231;-0.7733333309491476;-0.9566666483879089;La Nina Event;264
1;1972;25.63;26.42;-0.78;-0.70333331823349;-0.70333331823349;-0.9566666483879089;La Nina Event;265
2;1972;26.31;26.61;-0.3;-0.34999999466041726;-0.34999999466041726;-0.9566666483879089;Normal Conditions;266
3;1972;27.09;27.06;0.03;0.05999999182919661;0.05999999182919661;-0.9566666483879089;Normal Conditions;267
4;1972;27.9;27.44;0.45;0.4099999958028396;0.4099999958028396;-0.8966666460037231;Normal Conditions;268
5;1972;28.31;27.56;0.75;0.6666666666666666;0.6666666666666666;-0.70333331823349;Normal Conditions;269
6;1972;28.18;27.38;0.8;0.9166666865348816;0.9166666865348816;-0.34999999466041726;Normal Conditions;270
7;1972;28.14;26.94;1.2;1.1333333452542622;1.1333333452542622;0.05999999182919661;Normal Conditions;271
8;1972;27.94;26.54;1.4;1.3733333349227905;1.3733333349227905;0.4099999958028396;Normal Conditions;272
9;1972;27.94;26.42;1.52;1.5833333333333333;1.5833333333333333;0.6666666666666666;El Nino Event;273
10;1972;28.25;26.43;1.83;1.840000033378601;1.840000033378601;0.9166666865348816;El Nino Event;274
11;1972;28.6;26.43;2.17;2.09333336353302;2.09333336353302;1.1333333452542622;El Nino Event;275
12;1972;28.68;26.4;2.28;2.1233333349227905;2.1233333349227905;1.3733333349227905;El Nino Event;276
1;1973;28.33;26.42;1.92;1.846666653951009;2.1233333349227905;1.5833333333333333;El Nino Event;277
2;1973;27.95;26.61;1.34;1.25;2.1233333349227905;1.25;El Nino Event;278
3;1973;27.56;27.06;0.49;0.54666668176651;2.1233333349227905;0.54666668176651;El Nino Event;279
4;1973;27.25;27.44;-0.19;-0.09666665395100911;2.1233333349227905;-0.09666665395100911;Normal Conditions;280
5;1973;26.97;27.56;-0.59;-0.5366666515668234;1.846666653951009;-0.5366666515668234;Normal Conditions;281
6;1973;26.55;27.38;-0.83;-0.8666666348775228;1.25;-0.8666666348775228;Normal Conditions;282
7;1973;25.76;26.94;-1.18;-1.106666624546051;0.54666668176651;-1.106666624546051;Normal Conditions;283
8;1973;25.23;26.54;-1.31;-1.2833333015441895;-0.09666665395100911;-1.2833333015441895;Normal Conditions;284
9;1973;25.06;26.42;-1.36;-1.4533333381017048;-0.5366666515668234;-1.4533333381017048;La Nina Event;285
10;1973;24.74;26.43;-1.69;-1.7133333285649617;-0.8666666348775228;-1.7133333285649617;La Nina Event;286
11;1973;24.34;26.43;-2.09;-1.9466666380564372;-1.106666624546051;-1.9466666380564372;La Nina Event;287
12;1973;24.34;26.4;-2.06;-2.0333333015441895;-1.2833333015441895;-2.0333333015441895;La Nina Event;288
1;1974;24.47;26.42;-1.95;-1.8366666634877522;-1.4533333381017048;-2.0333333015441895;La Nina Event;289
2;1974;25.11;26.61;-1.5;-1.5533333619435628;-1.5533333619435628;-2.0333333015441895;La Nina Event;290
3;1974;25.86;27.06;-1.21;-1.2266666889190674;-1.2266666889190674;-2.0333333015441895;La Nina Event;291
4;1974;26.48;27.44;-0.97;-1.0300000309944153;-1.0300000309944153;-2.0333333015441895;La Nina Event;292
5;1974;26.65;27.56;-0.91;-0.9100000262260437;-0.9100000262260437;-1.8366666634877522;La Nina Event;293
6;1974;26.53;27.38;-0.85;-0.7700000206629435;-0.7700000206629435;-1.5533333619435628;La Nina Event;294
7;1974;26.39;26.94;-0.55;-0.536666676402092;-0.536666676402092;-1.2266666889190674;La Nina Event;295
8;1974;26.33;26.54;-0.21;-0.36999999980131787;-0.36999999980131787;-1.0300000309944153;Normal Conditions;296
9;1974;26.07;26.42;-0.35;-0.4066666712363561;-0.36999999980131787;-0.9100000262260437;Normal Conditions;297
10;1974;25.77;26.43;-0.66;-0.6100000043710073;-0.36999999980131787;-0.7700000206629435;Normal Conditions;298
11;1974;25.61;26.43;-0.82;-0.753333330154419;-0.36999999980131787;-0.753333330154419;Normal Conditions;299
12;1974;25.63;26.4;-0.78;-0.6399999856948853;-0.36999999980131787;-0.753333330154419;Normal Conditions;300
1;1975;26.1;26.42;-0.32;-0.5433333118756613;-0.4066666712363561;-0.753333330154419;Normal Conditions;301
2;1975;26.08;26.61;-0.53;-0.5699999928474426;-0.5433333118756613;-0.753333330154419;La Nina Event;302
3;1975;26.21;27.06;-0.86;-0.6566666563351949;-0.5433333118756613;-0.753333330154419;La Nina Event;303
4;1975;26.87;27.44;-0.58;-0.7333333293596903;-0.5433333118756613;-0.7333333293596903;La Nina Event;304
5;1975;26.8;27.56;-0.76;-0.8299999833106995;-0.5433333118756613;-0.8299999833106995;La Nina Event;305
6;1975;26.23;27.38;-1.15;-0.9833333094914755;-0.5699999928474426;-0.9833333094914755;La Nina Event;306
7;1975;25.9;26.94;-1.04;-1.1299999952316284;-0.6566666563351949;-1.1299999952316284;La Nina Event;307
8;1975;25.34;26.54;-1.2;-1.2033333381017048;-0.7333333293596903;-1.2033333381017048;La Nina Event;308
9;1975;25.05;26.42;-1.37;-1.3700000047683716;-0.8299999833106995;-1.3700000047683716;La Nina Event;309
10;1975;24.89;26.43;-1.54;-1.4299999872843425;-0.9833333094914755;-1.4299999872843425;La Nina Event;310
11;1975;25.05;26.43;-1.38;-1.549999992052714;-1.1299999952316284;-1.549999992052714;La Nina Event;311
12;1975;24.67;26.4;-1.73;-1.650000015894572;-1.2033333381017048;-1.650000015894572;La Nina Event;312
1;1976;24.54;26.39;-1.84;-1.5533333619435628;-1.3700000047683716;-1.650000015894572;La Nina Event;313
2;1976;25.49;26.59;-1.09;-1.1700000166893005;-1.1700000166893005;-1.650000015894572;La Nina Event;314
3;1976;26.46;27.04;-0.58;-0.7333333293596903;-0.7333333293596903;-1.650000015894572;La Nina Event;315
4;1976;26.89;27.42;-0.53;-0.47333331902821857;-0.47333331902821857;-1.650000015894572;Normal Conditions;316
5;1976;27.2;27.51;-0.31;-0.2799999912579854;-0.2799999912579854;-1.5533333619435628;Normal Conditions;317
6;1976;27.35;27.35;-0;-0.046666666865348816;-0.046666666865348816;-1.1700000166893005;Normal Conditions;318
7;1976;27.12;26.95;0.17;0.18333333233992258;0.18333333233992258;-0.7333333293596903;Normal Conditions;319
8;1976;26.98;26.59;0.38;0.34999999900658924;0.34999999900658924;-0.47333331902821857;Normal Conditions;320
9;1976;27.02;26.51;0.5;0.6200000047683716;0.6200000047683716;-0.2799999912579854;Normal Conditions;321
10;1976;27.46;26.48;0.98;0.8100000023841858;0.8100000023841858;-0.046666666865348816;Normal Conditions;322
11;1976;27.41;26.46;0.95;0.8633333444595337;0.8633333444595337;0.18333333233992258;Normal Conditions;323
12;1976;27.08;26.43;0.66;0.846666673819224;0.8633333444595337;0.34999999900658924;Normal Conditions;324
1;1977;27.32;26.39;0.93;0.7133333484331766;0.8633333444595337;0.6200000047683716;El Nino Event;325
2;1977;27.13;26.59;0.55;0.6400000055631002;0.8633333444595337;0.6400000055631002;El Nino Event;326
3;1977;27.48;27.04;0.44;0.34000000295539695;0.8633333444595337;0.34000000295539695;Normal Conditions;327
4;1977;27.45;27.42;0.03;0.2299999985843897;0.846666673819224;0.2299999985843897;Normal Conditions;328
5;1977;27.72;27.51;0.22;0.21333332794408003;0.7133333484331766;0.21333332794408003;Normal Conditions;329
6;1977;27.74;27.35;0.39;0.34333332379659015;0.6400000055631002;0.21333332794408003;Normal Conditions;330
7;1977;27.38;26.95;0.42;0.35333332419395447;0.35333332419395447;0.21333332794408003;Normal Conditions;331
8;1977;26.84;26.59;0.25;0.423333336909612;0.423333336909612;0.21333332794408003;Normal Conditions;332
9;1977;27.11;26.51;0.6;0.5700000127156576;0.5700000127156576;0.21333332794408003;Normal Conditions;333
10;1977;27.34;26.48;0.86;0.7266666889190674;0.7266666889190674;0.34333332379659015;Normal Conditions;334
11;1977;27.18;26.46;0.72;0.8133333524068197;0.8133333524068197;0.35333332419395447;Normal Conditions;335
12;1977;27.29;26.43;0.86;0.7866666714350382;0.8133333524068197;0.423333336909612;Normal Conditions;336
1;1978;27.17;26.39;0.78;0.6866666575272878;0.8133333524068197;0.5700000127156576;El Nino Event;337
2;1978;27.01;26.59;0.42;0.41999998564521474;0.8133333524068197;0.41999998564521474;Normal Conditions;338
3;1978;27.1;27.04;0.06;0.059999991208314896;0.8133333524068197;0.059999991208314896;Normal Conditions;339
4;1978;27.12;27.42;-0.3;-0.18333333854873976;0.7866666714350382;-0.18333333854873976;Normal Conditions;340
5;1978;27.2;27.51;-0.31;-0.3133333424727122;0.6866666575272878;-0.3133333424727122;Normal Conditions;341
6;1978;27.02;27.35;-0.33;-0.28666667143503827;0.41999998564521474;-0.3133333424727122;Normal Conditions;342
7;1978;26.74;26.95;-0.22;-0.35999999443689984;0.059999991208314896;-0.35999999443689984;Normal Conditions;343
8;1978;26.07;26.59;-0.53;-0.4166666567325592;-0.18333333854873976;-0.4166666567325592;Normal Conditions;344
9;1978;26.01;26.51;-0.5;-0.41999999185403186;-0.28666667143503827;-0.41999999185403186;Normal Conditions;345
10;1978;26.25;26.48;-0.23;-0.2900000015894572;-0.28666667143503827;-0.41999999185403186;Normal Conditions;346
11;1978;26.32;26.46;-0.14;-0.08666666845480601;-0.08666666845480601;-0.41999999185403186;Normal Conditions;347
12;1978;26.54;26.43;0.11;-6.20881716410319e-10;-6.20881716410319e-10;-0.41999999185403186;Normal Conditions;348
1;1979;26.42;26.39;0.03;0.03333333320915699;0.03333333320915699;-0.41999999185403186;Normal Conditions;349
2;1979;26.54;26.59;-0.04;0.07333333479861419;0.07333333479861419;-0.2900000015894572;Normal Conditions;350
3;1979;27.28;27.04;0.23;0.20333333065112433;0.20333333065112433;-0.08666666845480601;Normal Conditions;351
4;1979;27.84;27.42;0.42;0.2799999962250392;0.2799999962250392;-6.20881716410319e-10;Normal Conditions;352
5;1979;27.69;27.51;0.19;0.22999999423821768;0.2799999962250392;0.03333333320915699;Normal Conditions;353
6;1979;27.43;27.35;0.08;0.046666666865348816;0.2799999962250392;0.046666666865348816;Normal Conditions;354
7;1979;26.82;26.95;-0.13;0.03666666646798452;0.2799999962250392;0.03666666646798452;Normal Conditions;355
8;1979;26.75;26.59;0.16;0.1699999968210856;0.2799999962250392;0.03666666646798452;Normal Conditions;356
9;1979;26.99;26.51;0.48;0.32999999324480694;0.32999999324480694;0.03666666646798452;Normal Conditions;357
10;1979;26.83;26.48;0.35;0.45333331823349;0.45333331823349;0.03666666646798452;Normal Conditions;358
11;1979;26.99;26.46;0.53;0.52333332101504;0.52333332101504;0.03666666646798452;Normal Conditions;359
12;1979;27.11;26.43;0.69;0.6399999856948853;0.6399999856948853;0.1699999968210856;Normal Conditions;360
1;1980;27.09;26.39;0.7;0.5933333237965902;0.6399999856948853;0.32999999324480694;Normal Conditions;361
2;1980;26.98;26.59;0.39;0.4566666583220164;0.6399999856948853;0.45333331823349;Normal Conditions;362
3;1980;27.32;27.04;0.28;0.33666666348775226;0.6399999856948853;0.33666666348775226;Normal Conditions;363
4;1980;27.76;27.42;0.34;0.3766666650772095;0.6399999856948853;0.33666666348775226;Normal Conditions;364
5;1980;28.02;27.51;0.51;0.47999998927116394;0.5933333237965902;0.33666666348775226;Normal Conditions;365
6;1980;27.94;27.35;0.59;0.45999998847643536;0.47999998927116394;0.33666666348775226;Normal Conditions;366
7;1980;27.23;26.95;0.28;0.25333332518736523;0.47999998927116394;0.25333332518736523;Normal Conditions;367
8;1980;26.48;26.59;-0.11;0.033333333830038704;0.47999998927116394;0.033333333830038704;Normal Conditions;368
9;1980;26.44;26.51;-0.07;-0.06666666641831398;0.47999998927116394;-0.06666666641831398;Normal Conditions;369
10;1980;26.46;26.48;-0.02;0.016666666915019352;0.45999998847643536;-0.06666666641831398;Normal Conditions;370
11;1980;26.6;26.46;0.14;0.1133333332836628;0.25333332518736523;-0.06666666641831398;Normal Conditions;371
12;1980;26.65;26.43;0.22;-0.006666665275891622;0.1133333332836628;-0.06666666641831398;Normal Conditions;372
1;1981;26.19;26.57;-0.38;-0.2600000003973643;0.1133333332836628;-0.2600000003973643;Normal Conditions;373
2;1981;26.12;26.75;-0.62;-0.503333330154419;0.1133333332836628;-0.503333330154419;Normal Conditions;374
3;1981;26.66;27.17;-0.51;-0.47333332896232605;0.1133333332836628;-0.503333330154419;Normal Conditions;375
4;1981;27.3;27.59;-0.29;-0.36666666467984516;-0.006666665275891622;-0.503333330154419;Normal Conditions;376
5;1981;27.36;27.66;-0.3;-0.2600000003973643;-0.2600000003973643;-0.503333330154419;Normal Conditions;377
6;1981;27.27;27.46;-0.19;-0.28666667143503827;-0.2600000003973643;-0.503333330154419;Normal Conditions;378
7;1981;26.65;27.02;-0.37;-0.29333333174387616;-0.2600000003973643;-0.47333332896232605;Normal Conditions;379
8;1981;26.32;26.64;-0.32;-0.2433333322405815;-0.2433333322405815;-0.36666666467984516;Normal Conditions;380
9;1981;26.52;26.56;-0.04;-0.1566666637857755;-0.1566666637857755;-0.29333333174387616;Normal Conditions;381
10;1981;26.42;26.53;-0.11;-0.12666666756073633;-0.12666666756073633;-0.29333333174387616;Normal Conditions;382
11;1981;26.29;26.52;-0.23;-0.15000000099341074;-0.12666666756073633;-0.29333333174387616;Normal Conditions;383
12;1981;26.4;26.51;-0.11;-0.07666666805744171;-0.07666666805744171;-0.2433333322405815;Normal Conditions;384
1;1982;26.68;26.57;0.11;-0.050000001986821495;-0.050000001986821495;-0.1566666637857755;Normal Conditions;385
2;1982;26.6;26.75;-0.15;0.06999999781449635;0.06999999781449635;-0.15000000099341074;Normal Conditions;386
3;1982;27.42;27.17;0.25;0.18333332737286887;0.18333332737286887;-0.15000000099341074;Normal Conditions;387
4;1982;28.03;27.59;0.45;0.47333333889643353;0.47333333889643353;-0.07666666805744171;Normal Conditions;388
5;1982;28.39;27.66;0.72;0.6566666762034098;0.6566666762034098;-0.050000001986821495;Normal Conditions;389
6;1982;28.26;27.46;0.8;0.7200000087420145;0.7200000087420145;0.06999999781449635;Normal Conditions;390
7;1982;27.66;27.02;0.64;0.7900000015894572;0.7900000015894572;0.18333332737286887;Normal Conditions;391
8;1982;27.58;26.64;0.93;1.0699999928474426;1.0699999928474426;0.47333333889643353;Normal Conditions;392
9;1982;28.2;26.56;1.64;1.5766666928927104;1.5766666928927104;0.6566666762034098;El Nino Event;393
10;1982;28.69;26.53;2.16;1.9633333285649617;1.9633333285649617;0.7200000087420145;El Nino Event;394
11;1982;28.61;26.52;2.09;2.1766666571299234;2.1766666571299234;0.7900000015894572;El Nino Event;395
12;1982;28.79;26.51;2.28;2.2299999396006265;2.2299999396006265;1.0699999928474426;El Nino Event;396
1;1983;28.88;26.57;2.32;2.1799999872843423;2.2299999396006265;1.5766666928927104;El Nino Event;397
2;1983;28.69;26.75;1.94;1.9166666666666667;2.2299999396006265;1.9166666666666667;El Nino Event;398
3;1983;28.67;27.17;1.49;1.540000041325887;2.2299999396006265;1.540000041325887;El Nino Event;399
4;1983;28.77;27.59;1.19;1.2866666714350383;2.2299999396006265;1.2866666714350383;El Nino Event;400
5;1983;28.84;27.66;1.18;1.0633333325386047;2.1799999872843423;1.0633333325386047;El Nino Event;401
6;1983;28.28;27.46;0.82;0.7233333140611649;1.9166666666666667;0.7233333140611649;El Nino Event;402
7;1983;27.19;27.02;0.17;0.31666666517655057;1.540000041325887;0.31666666517655057;Normal Conditions;403
8;1983;26.6;26.64;-0.04;-0.07666667054096858;1.2866666714350383;-0.07666667054096858;Normal Conditions;404
9;1983;26.2;26.56;-0.36;-0.4533333306511243;1.0633333325386047;-0.4533333306511243;Normal Conditions;405
10;1983;25.57;26.53;-0.96;-0.8066666722297668;0.7233333140611649;-0.8066666722297668;Normal Conditions;406
11;1983;25.42;26.52;-1.1;-1;0.31666666517655057;-1;Normal Conditions;407
12;1983;25.58;26.51;-0.94;-0.9100000063578287;-0.07666667054096858;-1;Normal Conditions;408
1;1984;25.88;26.57;-0.69;-0.6033333341280619;-0.4533333306511243;-1;Normal Conditions;409
2;1984;26.57;26.75;-0.18;-0.41999999682108563;-0.41999999682108563;-1;Normal Conditions;410
3;1984;26.78;27.17;-0.39;-0.33666666348775226;-0.33666666348775226;-1;Normal Conditions;411
4;1984;27.15;27.59;-0.44;-0.4299999972184499;-0.33666666348775226;-0.9100000063578287;Normal Conditions;412
5;1984;27.2;27.66;-0.46;-0.5100000003973643;-0.33666666348775226;-0.6033333341280619;Normal Conditions;413
6;1984;26.83;27.46;-0.63;-0.44333333273728687;-0.33666666348775226;-0.5100000003973643;Normal Conditions;414
7;1984;26.78;27.02;-0.24;-0.3033333296577136;-0.3033333296577136;-0.5100000003973643;Normal Conditions;415
8;1984;26.6;26.64;-0.04;-0.1566666637857755;-0.1566666637857755;-0.5100000003973643;Normal Conditions;416
9;1984;26.38;26.56;-0.19;-0.24000000208616257;-0.1566666637857755;-0.5100000003973643;Normal Conditions;417
10;1984;26.04;26.53;-0.49;-0.5600000023841858;-0.1566666637857755;-0.5600000023841858;Normal Conditions;418
11;1984;25.52;26.52;-1;-0.9133333365122477;-0.1566666637857755;-0.9133333365122477;Normal Conditions;419
12;1984;25.26;26.51;-1.25;-1.1399999856948853;-0.1566666637857755;-1.1399999856948853;Normal Conditions;420
1;1985;25.39;26.57;-1.17;-1.0433333118756611;-0.24000000208616257;-1.1399999856948853;Normal Conditions;421
2;1985;26.04;26.75;-0.71;-0.8499999841054281;-0.5600000023841858;-1.1399999856948853;La Nina Event;422
3;1985;26.5;27.17;-0.67;-0.7700000007947286;-0.7700000007947286;-1.1399999856948853;La Nina Event;423
4;1985;26.65;27.59;-0.93;-0.7833333412806193;-0.7700000007947286;-1.1399999856948853;La Nina Event;424
5;1985;26.91;27.66;-0.75;-0.7766666611035665;-0.7700000007947286;-1.0433333118756611;La Nina Event;425
6;1985;26.81;27.46;-0.65;-0.6233333249886831;-0.6233333249886831;-0.8499999841054281;La Nina Event;426
7;1985;26.55;27.02;-0.47;-0.48999998966852826;-0.48999998966852826;-0.7833333412806193;Normal Conditions;427
8;1985;26.29;26.64;-0.35;-0.45666666825612384;-0.45666666825612384;-0.7833333412806193;Normal Conditions;428
9;1985;26.02;26.56;-0.55;-0.4000000059604645;-0.4000000059604645;-0.7766666611035665;Normal Conditions;429
10;1985;26.23;26.53;-0.3;-0.3500000089406967;-0.3500000089406967;-0.6233333249886831;Normal Conditions;430
11;1985;26.33;26.52;-0.2;-0.2733333359162013;-0.2733333359162013;-0.48999998966852826;Normal Conditions;431
12;1985;26.19;26.51;-0.32;-0.35999999940395355;-0.2733333359162013;-0.45666666825612384;Normal Conditions;432
1;1986;25.89;26.46;-0.56;-0.4933333396911621;-0.2733333359162013;-0.4933333396911621;Normal Conditions;433
2;1986;26.06;26.66;-0.6;-0.47333333889643353;-0.2733333359162013;-0.4933333396911621;Normal Conditions;434
3;1986;26.88;27.14;-0.26;-0.31333333750565845;-0.2733333359162013;-0.4933333396911621;Normal Conditions;435
4;1986;27.49;27.58;-0.08;-0.20333333313465118;-0.20333333313465118;-0.4933333396911621;Normal Conditions;436
5;1986;27.41;27.68;-0.27;-0.12000000290572643;-0.12000000290572643;-0.4933333396911621;Normal Conditions;437
6;1986;27.42;27.43;-0.01;-0.0366666695723931;-0.0366666695723931;-0.47333333889643353;Normal Conditions;438
7;1986;27.18;27.01;0.17;0.2233333308249712;0.2233333308249712;-0.31333333750565845;Normal Conditions;439
8;1986;27.17;26.66;0.51;0.44333332280317944;0.44333332280317944;-0.20333333313465118;Normal Conditions;440
9;1986;27.24;26.59;0.65;0.7133333285649618;0.7133333285649618;-0.12000000290572643;Normal Conditions;441
10;1986;27.51;26.54;0.98;0.9433333476384481;0.9433333476384481;-0.0366666695723931;Normal Conditions;442
11;1986;27.7;26.5;1.2;1.1400000254313152;1.1400000254313152;0.2233333308249712;Normal Conditions;443
12;1986;27.71;26.47;1.24;1.2200000286102295;1.2200000286102295;0.44333332280317944;Normal Conditions;444
1;1987;27.68;26.46;1.22;1.2300000190734863;1.2300000190734863;0.7133333285649618;El Nino Event;445
2;1987;27.89;26.66;1.23;1.193333347638448;1.2300000190734863;0.9433333476384481;El Nino Event;446
3;1987;28.27;27.14;1.13;1.0600000023841858;1.2300000190734863;1.0600000023841858;El Nino Event;447
4;1987;28.4;27.58;0.82;0.9433333277702332;1.2300000190734863;0.9433333277702332;El Nino Event;448
5;1987;28.56;27.68;0.88;0.9700000087420145;1.2300000190734863;0.9433333277702332;El Nino Event;449
6;1987;28.64;27.43;1.21;1.2200000286102295;1.2200000286102295;0.9433333277702332;El Nino Event;450
7;1987;28.58;27.01;1.57;1.5133333603541057;1.5133333603541057;0.9433333277702332;El Nino Event;451
8;1987;28.41;26.66;1.76;1.700000007947286;1.700000007947286;0.9433333277702332;El Nino Event;452
9;1987;28.36;26.59;1.77;1.649999976158142;1.700000007947286;0.9700000087420145;El Nino Event;453
10;1987;27.95;26.54;1.42;1.4866666396458943;1.700000007947286;1.2200000286102295;El Nino Event;454
11;1987;27.77;26.5;1.27;1.253333330154419;1.700000007947286;1.253333330154419;El Nino Event;455
12;1987;27.54;26.47;1.07;1.1100000143051147;1.700000007947286;1.1100000143051147;El Nino Event;456
1;1988;27.45;26.46;0.99;0.8100000222524008;1.649999976158142;0.8100000222524008;El Nino Event;457
2;1988;27.04;26.66;0.37;0.5366666714350382;1.4866666396458943;0.5366666714350382;El Nino Event;458
3;1988;27.39;27.14;0.25;0.14333333571751913;1.253333330154419;0.14333333571751913;Normal Conditions;459
4;1988;27.38;27.58;-0.19;-0.31333333253860474;1.1100000143051147;-0.31333333253860474;Normal Conditions;460
5;1988;26.68;27.68;-1;-0.8766666849454244;0.8100000222524008;-0.8766666849454244;Normal Conditions;461
6;1988;25.99;27.43;-1.44;-1.2966667016347249;0.5366666714350382;-1.2966667016347249;Normal Conditions;462
7;1988;25.56;27.01;-1.45;-1.293333371480306;0.14333333571751913;-1.2966667016347249;Normal Conditions;463
8;1988;25.67;26.66;-0.99;-1.1033333539962769;-0.31333333253860474;-1.2966667016347249;Normal Conditions;464
9;1988;25.72;26.59;-0.87;-1.190000017484029;-0.8766666849454244;-1.2966667016347249;La Nina Event;465
10;1988;24.82;26.54;-1.71;-1.4766666889190674;-1.1033333539962769;-1.4766666889190674;La Nina Event;466
11;1988;24.66;26.5;-1.85;-1.7966667016347249;-1.1033333539962769;-1.7966667016347249;La Nina Event;467
12;1988;24.64;26.47;-1.83;-1.850000023841858;-1.1033333539962769;-1.850000023841858;La Nina Event;468
1;1989;24.59;26.46;-1.87;-1.690000017484029;-1.190000017484029;-1.850000023841858;La Nina Event;469
2;1989;25.29;26.66;-1.37;-1.4299999872843425;-1.4299999872843425;-1.850000023841858;La Nina Event;470
3;1989;26.09;27.14;-1.05;-1.0799999833106995;-1.0799999833106995;-1.850000023841858;La Nina Event;471
4;1989;26.75;27.58;-0.82;-0.8266666531562805;-0.8266666531562805;-1.850000023841858;La Nina Event;472
5;1989;27.07;27.68;-0.61;-0.573333332935969;-0.573333332935969;-1.690000017484029;La Nina Event;473
6;1989;27.14;27.43;-0.29;-0.4000000059604645;-0.4000000059604645;-1.4299999872843425;Normal Conditions;474
7;1989;26.71;27.01;-0.3;-0.30666667222976685;-0.30666667222976685;-1.0799999833106995;Normal Conditions;475
8;1989;26.32;26.66;-0.33;-0.27000001072883606;-0.27000001072883606;-0.8266666531562805;Normal Conditions;476
9;1989;26.41;26.59;-0.18;-0.2433333396911621;-0.2433333396911621;-0.573333332935969;Normal Conditions;477
10;1989;26.32;26.54;-0.22;-0.21666666865348816;-0.21666666865348816;-0.4000000059604645;Normal Conditions;478
11;1989;26.25;26.5;-0.25;-0.1599999995281299;-0.1599999995281299;-0.30666667222976685;Normal Conditions;479
12;1989;26.46;26.47;-0.01;-0.050000000124176346;-0.050000000124176346;-0.27000001072883606;Normal Conditions;480
1;1990;26.56;26.46;0.11;0.1366666673372189;0.1366666673372189;-0.2433333396911621;Normal Conditions;481
2;1990;26.98;26.66;0.31;0.20666666825612387;0.20666666825612387;-0.21666666865348816;Normal Conditions;482
3;1990;27.34;27.14;0.2;0.2800000061591466;0.2800000061591466;-0.1599999995281299;Normal Conditions;483
4;1990;27.9;27.58;0.33;0.2900000065565109;0.2900000065565109;-0.050000000124176346;Normal Conditions;484
5;1990;28.02;27.68;0.34;0.29333333671092987;0.29333333671092987;0.1366666673372189;Normal Conditions;485
6;1990;27.65;27.43;0.21;0.30666666726271313;0.30666666726271313;0.20666666825612387;Normal Conditions;486
7;1990;27.38;27.01;0.37;0.3333333283662796;0.3333333283662796;0.2800000061591466;Normal Conditions;487
8;1990;27.07;26.66;0.42;0.3799999952316284;0.3799999952316284;0.2900000065565109;Normal Conditions;488
9;1990;26.94;26.59;0.35;0.38999999562899273;0.38999999562899273;0.29333333671092987;Normal Conditions;489
10;1990;26.93;26.54;0.4;0.35333333412806195;0.38999999562899273;0.30666666726271313;Normal Conditions;490
11;1990;26.81;26.5;0.31;0.39666666587193805;0.39666666587193805;0.3333333283662796;Normal Conditions;491
12;1990;26.96;26.47;0.48;0.41333332657814026;0.41333332657814026;0.35333333412806195;Normal Conditions;492
1;1991;27.04;26.59;0.45;0.4066666563351949;0.41333332657814026;0.35333333412806195;Normal Conditions;493
2;1991;27.08;26.79;0.29;0.26333332682649296;0.41333332657814026;0.26333332682649296;Normal Conditions;494
3;1991;27.33;27.28;0.05;0.2199999950826168;0.41333332657814026;0.2199999950826168;Normal Conditions;495
4;1991;28.02;27.7;0.32;0.2566666665176551;0.41333332657814026;0.2199999950826168;Normal Conditions;496
5;1991;28.2;27.8;0.4;0.4566666583220164;0.4566666583220164;0.2199999950826168;Normal Conditions;497
6;1991;28.25;27.6;0.65;0.6366666654745737;0.6366666654745737;0.2199999950826168;Normal Conditions;498
7;1991;28.05;27.19;0.86;0.7333333293596903;0.7333333293596903;0.2199999950826168;Normal Conditions;499
8;1991;27.53;26.84;0.69;0.6366666754086813;0.7333333293596903;0.2566666665176551;Normal Conditions;500
9;1991;27.14;26.78;0.36;0.6233333349227905;0.7333333293596903;0.4566666583220164;Normal Conditions;501
10;1991;27.58;26.76;0.82;0.7900000214576721;0.7900000214576721;0.6233333349227905;El Nino Event;502
11;1991;27.89;26.7;1.19;1.2100000182787578;1.2100000182787578;0.6233333349227905;El Nino Event;503
12;1991;28.28;26.66;1.62;1.5300000111262004;1.5300000111262004;0.6233333349227905;El Nino Event;504
1;1992;28.37;26.59;1.78;1.7133333285649617;1.7133333285649617;0.6233333349227905;El Nino Event;505
2;1992;28.53;26.79;1.74;1.6333333253860474;1.7133333285649617;0.7900000214576721;El Nino Event;506
3;1992;28.66;27.28;1.38;1.4800000190734863;1.7133333285649617;1.2100000182787578;El Nino Event;507
4;1992;29.02;27.7;1.32;1.2866666714350383;1.7133333285649617;1.2866666714350383;El Nino Event;508
5;1992;28.97;27.8;1.16;1.0600000023841858;1.7133333285649617;1.0600000023841858;El Nino Event;509
6;1992;28.3;27.6;0.7;0.7299999892711639;1.6333333253860474;0.7299999892711639;El Nino Event;510
7;1992;27.51;27.19;0.33;0.36666666716337204;1.4800000190734863;0.36666666716337204;Normal Conditions;511
8;1992;26.91;26.84;0.07;0.09000000605980556;1.2866666714350383;0.09000000605980556;Normal Conditions;512
9;1992;26.66;26.78;-0.13;-0.13333333283662796;1.0600000023841858;-0.13333333283662796;Normal Conditions;513
10;1992;26.42;26.76;-0.34;-0.25;0.7299999892711639;-0.25;Normal Conditions;514
11;1992;26.42;26.7;-0.28;-0.27666666607062024;0.36666666716337204;-0.27666666607062024;Normal Conditions;515
12;1992;26.45;26.66;-0.21;-0.12999999771515527;0.09000000605980556;-0.27666666607062024;Normal Conditions;516
1;1993;26.7;26.59;0.1;0.09000000109275182;0.09000000109275182;-0.27666666607062024;Normal Conditions;517
2;1993;27.17;26.79;0.38;0.293333334227403;0.293333334227403;-0.27666666607062024;Normal Conditions;518
3;1993;27.68;27.28;0.4;0.4966666599114736;0.4966666599114736;-0.27666666607062024;Normal Conditions;519
4;1993;28.41;27.7;0.71;0.6733333369096121;0.6733333369096121;-0.12999999771515527;Normal Conditions;520
5;1993;28.71;27.8;0.91;0.6999999980131785;0.6999999980131785;0.09000000109275182;Normal Conditions;521
6;1993;28.08;27.6;0.48;0.5733333428700765;0.6999999980131785;0.293333334227403;Normal Conditions;522
7;1993;27.52;27.19;0.33;0.3200000027815501;0.6999999980131785;0.3200000027815501;Normal Conditions;523
8;1993;26.99;26.84;0.15;0.25666667024294537;0.6999999980131785;0.25666667024294537;Normal Conditions;524
9;1993;27.07;26.78;0.29;0.15333333238959312;0.6999999980131785;0.15333333238959312;Normal Conditions;525
10;1993;26.78;26.76;0.02;0.10666666366159916;0.5733333428700765;0.10666666366159916;Normal Conditions;526
11;1993;26.71;26.7;0.01;0.043333333606521286;0.3200000027815501;0.043333333606521286;Normal Conditions;527
12;1993;26.76;26.66;0.1;0.0566666666418314;0.25666667024294537;0.043333333606521286;Normal Conditions;528
1;1994;26.65;26.59;0.06;0.06333333315948646;0.15333333238959312;0.043333333606521286;Normal Conditions;529
2;1994;26.82;26.79;0.03;0.06666666579743226;0.10666666366159916;0.043333333606521286;Normal Conditions;530
3;1994;27.39;27.28;0.11;0.17333333132167658;0.17333333132167658;0.043333333606521286;Normal Conditions;531
4;1994;28.08;27.7;0.38;0.30666666726271313;0.30666666726271313;0.0566666666418314;Normal Conditions;532
5;1994;28.24;27.8;0.43;0.4166666666666667;0.4166666666666667;0.06333333315948646;Normal Conditions;533
6;1994;28.04;27.6;0.44;0.40666666626930237;0.4166666666666667;0.06666666579743226;Normal Conditions;534
7;1994;27.54;27.19;0.35;0.44333333770434064;0.44333333770434064;0.17333333132167658;Normal Conditions;535
8;1994;27.38;26.84;0.54;0.4333333373069763;0.44333333770434064;0.30666666726271313;Normal Conditions;536
9;1994;27.19;26.78;0.41;0.5533333321412405;0.5533333321412405;0.40666666626930237;Normal Conditions;537
10;1994;27.47;26.76;0.71;0.7433333297570547;0.7433333297570547;0.40666666626930237;Normal Conditions;538
11;1994;27.81;26.7;1.11;1.0033333500226338;1.0033333500226338;0.4333333373069763;Normal Conditions;539
12;1994;27.85;26.66;1.19;1.09333336353302;1.09333336353302;0.4333333373069763;Normal Conditions;540
1;1995;27.57;26.59;0.98;0.9600000182787577;1.09333336353302;0.5533333321412405;El Nino Event;541
2;1995;27.49;26.79;0.71;0.723333328962326;1.09333336353302;0.723333328962326;El Nino Event;542
3;1995;27.76;27.28;0.48;0.5333333214124044;1.09333336353302;0.5333333214124044;El Nino Event;543
4;1995;28.11;27.7;0.41;0.3033333284159501;1.09333336353302;0.3033333284159501;Normal Conditions;544
5;1995;27.83;27.8;0.02;0.1399999987334013;0.9600000182787577;0.1399999987334013;Normal Conditions;545
6;1995;27.59;27.6;-0.01;-0.03333333320915699;0.723333328962326;-0.03333333320915699;Normal Conditions;546
7;1995;27.08;27.19;-0.11;-0.24333333782851696;0.5333333214124044;-0.24333333782851696;Normal Conditions;547
8;1995;26.23;26.84;-0.61;-0.5399999966224035;0.3033333284159501;-0.5399999966224035;Normal Conditions;548
9;1995;25.88;26.78;-0.9;-0.8100000023841858;0.1399999987334013;-0.8100000023841858;Normal Conditions;549
10;1995;25.84;26.76;-0.92;-0.9733333388964335;-0.03333333320915699;-0.9733333388964335;Normal Conditions;550
11;1995;25.61;26.7;-1.1;-1.0066666801770527;-0.24333333782851696;-1.0066666801770527;Normal Conditions;551
12;1995;25.66;26.66;-1;-0.9866666793823242;-0.5399999966224035;-1.0066666801770527;La Nina Event;552
1;1996;25.7;26.56;-0.86;-0.9033333460489908;-0.8100000023841858;-1.0066666801770527;La Nina Event;553
2;1996;25.91;26.75;-0.85;-0.7566666801770529;-0.7566666801770529;-1.0066666801770527;La Nina Event;554
3;1996;26.69;27.24;-0.56;-0.5900000135103861;-0.5900000135103861;-1.0066666801770527;La Nina Event;555
4;1996;27.36;27.72;-0.36;-0.3933333357175191;-0.3933333357175191;-0.9866666793823242;Normal Conditions;556
5;1996;27.55;27.81;-0.26;-0.30666667222976685;-0.30666667222976685;-0.9033333460489908;Normal Conditions;557
6;1996;27.29;27.59;-0.3;-0.29333333174387616;-0.29333333174387616;-0.7566666801770529;Normal Conditions;558
7;1996;26.85;27.18;-0.32;-0.2733333359162013;-0.2733333359162013;-0.5900000135103861;Normal Conditions;559
8;1996;26.64;26.83;-0.2;-0.3233333279689153;-0.2733333359162013;-0.3933333357175191;Normal Conditions;560
9;1996;26.27;26.73;-0.45;-0.34999999900658924;-0.2733333359162013;-0.34999999900658924;Normal Conditions;561
10;1996;26.27;26.67;-0.4;-0.39666666587193805;-0.2733333359162013;-0.39666666587193805;Normal Conditions;562
11;1996;26.29;26.63;-0.34;-0.45000000794728595;-0.2733333359162013;-0.45000000794728595;Normal Conditions;563
12;1996;25.96;26.56;-0.61;-0.49666667977968854;-0.3233333279689153;-0.49666667977968854;Normal Conditions;564
1;1997;26.02;26.56;-0.54;-0.5033333500226339;-0.34999999900658924;-0.5033333500226339;Normal Conditions;565
2;1997;26.39;26.75;-0.36;-0.36666667958100635;-0.36666667958100635;-0.5033333500226339;Normal Conditions;566
3;1997;27.05;27.24;-0.2;-0.0966666688521703;-0.0966666688521703;-0.5033333500226339;Normal Conditions;567
4;1997;27.99;27.72;0.27;0.27666666607062024;0.27666666607062024;-0.5033333500226339;Normal Conditions;568
5;1997;28.58;27.81;0.76;0.7500000099341074;0.7500000099341074;-0.5033333500226339;Normal Conditions;569
6;1997;28.81;27.59;1.22;1.2166666587193806;1.2166666587193806;-0.36666667958100635;Normal Conditions;570
7;1997;28.85;27.18;1.67;1.599999984105428;1.599999984105428;-0.0966666688521703;Normal Conditions;571
8;1997;28.74;26.83;1.91;1.8999999364217122;1.8999999364217122;0.27666666607062024;Normal Conditions;572
9;1997;28.84;26.73;2.12;2.143333315849304;2.143333315849304;0.7500000099341074;El Nino Event;573
10;1997;29.07;26.67;2.4;2.3333333333333335;2.3333333333333335;1.2166666587193806;El Nino Event;574
11;1997;29.11;26.63;2.48;2.400000015894572;2.400000015894572;1.599999984105428;El Nino Event;575
12;1997;28.89;26.56;2.32;2.3899999459584556;2.400000015894572;1.8999999364217122;El Nino Event;576
1;1998;28.93;26.56;2.37;2.2399999300638833;2.400000015894572;2.143333315849304;El Nino Event;577
2;1998;28.79;26.75;2.03;1.9266666173934937;2.400000015894572;1.9266666173934937;El Nino Event;578
3;1998;28.63;27.24;1.38;1.4366666475931804;2.400000015894572;1.4366666475931804;El Nino Event;579
4;1998;28.61;27.72;0.9;0.9933333198229471;2.3899999459584556;0.9933333198229471;El Nino Event;580
5;1998;28.52;27.81;0.7;0.4533333232005437;2.2399999300638833;0.4533333232005437;Normal Conditions;581
6;1998;27.35;27.59;-0.24;-0.13333334028720856;1.9266666173934937;-0.13333334028720856;Normal Conditions;582
7;1998;26.32;27.18;-0.86;-0.7833333363135656;1.4366666475931804;-0.7833333363135656;Normal Conditions;583
8;1998;25.59;26.83;-1.25;-1.1233333349227905;0.9933333198229471;-1.1233333349227905;Normal Conditions;584
9;1998;25.47;26.73;-1.26;-1.306666652361552;0.4533333232005437;-1.306666652361552;Normal Conditions;585
10;1998;25.26;26.67;-1.41;-1.349999984105428;-0.13333334028720856;-1.349999984105428;Normal Conditions;586
11;1998;25.25;26.63;-1.38;-1.4766666491826375;-0.7833333363135656;-1.4766666491826375;La Nina Event;587
12;1998;24.92;26.56;-1.64;-1.5700000127156575;-1.1233333349227905;-1.5700000127156575;La Nina Event;588
1;1999;24.87;26.56;-1.69;-1.5466666618982952;-1.306666652361552;-1.5700000127156575;La Nina Event;589
2;1999;25.44;26.75;-1.31;-1.299999992052714;-1.299999992052714;-1.5700000127156575;La Nina Event;590
3;1999;26.34;27.24;-0.9;-1.0699999729792278;-1.0699999729792278;-1.5700000127156575;La Nina Event;591
4;1999;26.71;27.72;-1;-0.9733333190282186;-0.9733333190282186;-1.5700000127156575;La Nina Event;592
5;1999;26.79;27.81;-1.02;-1.0233333110809326;-0.9733333190282186;-1.5466666618982952;La Nina Event;593
6;1999;26.54;27.59;-1.05;-1.0399999618530273;-0.9733333190282186;-1.299999992052714;La Nina Event;594
7;1999;26.13;27.18;-1.05;-1.096666653951009;-0.9733333190282186;-1.096666653951009;La Nina Event;595
8;1999;25.64;26.83;-1.19;-1.1100000143051147;-0.9733333190282186;-1.1100000143051147;La Nina Event;596
9;1999;25.63;26.73;-1.09;-1.1566667159398396;-1.0233333110809326;-1.1566667159398396;La Nina Event;597
10;1999;25.48;26.67;-1.19;-1.2600000301996868;-1.0399999618530273;-1.2600000301996868;La Nina Event;598
11;1999;25.13;26.63;-1.5;-1.4633333683013916;-1.096666653951009;-1.4633333683013916;La Nina Event;599
12;1999;24.87;26.56;-1.7;-1.65666667620341;-1.1100000143051147;-1.65666667620341;La Nina Event;600
1;2000;24.79;26.56;-1.77;-1.6666666666666667;-1.1566667159398396;-1.6666666666666667;La Nina Event;601
2;2000;25.23;26.75;-1.53;-1.4099999864896138;-1.2600000301996868;-1.6666666666666667;La Nina Event;602
3;2000;26.31;27.24;-0.93;-1.0699999928474426;-1.0699999928474426;-1.6666666666666667;La Nina Event;603
4;2000;26.96;27.72;-0.75;-0.8066666722297668;-0.8066666722297668;-1.6666666666666667;La Nina Event;604
5;2000;27.08;27.81;-0.74;-0.7099999984105428;-0.7099999984105428;-1.6666666666666667;La Nina Event;605
6;2000;26.95;27.59;-0.64;-0.6433333357175192;-0.6433333357175192;-1.4099999864896138;La Nina Event;606
7;2000;26.63;27.18;-0.55;-0.5533333321412405;-0.5533333321412405;-1.0699999928474426;La Nina Event;607
8;2000;26.37;26.83;-0.47;-0.5133333305517832;-0.5133333305517832;-0.8066666722297668;La Nina Event;608
9;2000;26.2;26.73;-0.52;-0.5466666519641876;-0.5133333305517832;-0.7099999984105428;La Nina Event;609
10;2000;26.02;26.67;-0.65;-0.6266666452089945;-0.5133333305517832;-0.6433333357175192;La Nina Event;610
11;2000;25.92;26.63;-0.71;-0.7466666499773661;-0.5133333305517832;-0.7466666499773661;La Nina Event;611
12;2000;25.69;26.56;-0.88;-0.7399999896685282;-0.5133333305517832;-0.7466666499773661;La Nina Event;612
1;2001;25.82;26.45;-0.63;-0.6799999872843424;-0.5466666519641876;-0.7466666499773661;La Nina Event;613
2;2001;26.14;26.66;-0.53;-0.5166666507720947;-0.5166666507720947;-0.7466666499773661;La Nina Event;614
3;2001;26.82;27.21;-0.39;-0.43666664759318036;-0.43666664759318036;-0.7466666499773661;Normal Conditions;615
4;2001;27.34;27.73;-0.39;-0.3399999886751175;-0.3399999886751175;-0.7399999896685282;Normal Conditions;616
5;2001;27.6;27.85;-0.24;-0.2466666599114736;-0.2466666599114736;-0.6799999872843424;Normal Conditions;617
6;2001;27.54;27.65;-0.11;-0.1199999979386727;-0.1199999979386727;-0.5166666507720947;Normal Conditions;618
7;2001;27.25;27.26;-0.01;-0.07333333355685075;-0.07333333355685075;-0.43666664759318036;Normal Conditions;619
8;2001;26.8;26.91;-0.1;-0.13000000081956387;-0.07333333355685075;-0.3399999886751175;Normal Conditions;620
9;2001;26.52;26.8;-0.28;-0.18666666994492212;-0.07333333355685075;-0.2466666599114736;Normal Conditions;621
10;2001;26.57;26.75;-0.18;-0.2900000015894572;-0.07333333355685075;-0.2900000015894572;Normal Conditions;622
11;2001;26.34;26.75;-0.41;-0.350000003973643;-0.07333333355685075;-0.350000003973643;Normal Conditions;623
12;2001;26.2;26.65;-0.46;-0.30666666850447655;-0.13000000081956387;-0.350000003973643;Normal Conditions;624
1;2002;26.4;26.45;-0.05;-0.15000000347693762;-0.15000000347693762;-0.350000003973643;Normal Conditions;625
2;2002;26.72;26.66;0.06;0.033333333830038704;0.033333333830038704;-0.350000003973643;Normal Conditions;626
3;2002;27.3;27.21;0.09;0.08999999985098839;0.08999999985098839;-0.350000003973643;Normal Conditions;627
4;2002;27.85;27.73;0.12;0.20333333561817804;0.20333333561817804;-0.30666666850447655;Normal Conditions;628
5;2002;28.24;27.85;0.4;0.43666667491197586;0.43666667491197586;-0.15000000347693762;Normal Conditions;629
6;2002;28.44;27.65;0.79;0.6533333361148834;0.6533333361148834;0.033333333830038704;Normal Conditions;630
7;2002;28.03;27.26;0.77;0.7900000015894572;0.7900000015894572;0.08999999985098839;Normal Conditions;631
8;2002;27.72;26.91;0.81;0.8633333245913187;0.8633333245913187;0.20333333561817804;Normal Conditions;632
9;2002;27.81;26.8;1.01;1.0066666801770527;1.0066666801770527;0.43666667491197586;Normal Conditions;633
10;2002;27.96;26.75;1.2;1.2066666682561238;1.2066666682561238;0.6533333361148834;El Nino Event;634
11;2002;28.16;26.75;1.41;1.306666652361552;1.306666652361552;0.7900000015894572;El Nino Event;635
12;2002;27.97;26.65;1.31;1.1399999658266704;1.306666652361552;0.8633333245913187;El Nino Event;636
1;2003;27.16;26.45;0.7;0.9166666467984518;1.306666652361552;0.9166666467984518;El Nino Event;637
2;2003;27.4;26.66;0.74;0.6299999952316284;1.306666652361552;0.6299999952316284;El Nino Event;638
3;2003;27.66;27.21;0.45;0.3799999989569187;1.306666652361552;0.3799999989569187;Normal Conditions;639
4;2003;27.69;27.73;-0.05;-0.03999999786416689;1.1399999658266704;-0.03999999786416689;Normal Conditions;640
5;2003;27.32;27.85;-0.52;-0.25999999170502025;0.9166666467984518;-0.25999999170502025;Normal Conditions;641
6;2003;27.44;27.65;-0.21;-0.16333332657814026;0.6299999952316284;-0.25999999170502025;Normal Conditions;642
7;2003;27.5;27.26;0.24;0.07666666805744171;0.3799999989569187;-0.25999999170502025;Normal Conditions;643
8;2003;27.11;26.91;0.2;0.20999999841054282;0.20999999841054282;-0.25999999170502025;Normal Conditions;644
9;2003;26.98;26.8;0.19;0.2566666652758916;0.2566666652758916;-0.25999999170502025;Normal Conditions;645
10;2003;27.14;26.75;0.38;0.2866666615009308;0.2866666615009308;-0.16333332657814026;Normal Conditions;646
11;2003;27.04;26.75;0.29;0.3499999940395355;0.3499999940395355;0.07666666805744171;Normal Conditions;647
12;2003;27.04;26.65;0.38;0.3499999940395355;0.3499999940395355;0.20999999841054282;Normal Conditions;648
1;2004;26.83;26.45;0.38;0.36666666467984516;0.36666666467984516;0.2566666652758916;Normal Conditions;649
2;2004;27;26.66;0.34;0.3099999974171321;0.36666666467984516;0.2866666615009308;Normal Conditions;650
3;2004;27.41;27.21;0.21;0.23666666448116302;0.36666666467984516;0.23666666448116302;Normal Conditions;651
4;2004;27.89;27.73;0.16;0.1699999968210856;0.36666666467984516;0.1699999968210856;Normal Conditions;652
5;2004;27.99;27.85;0.14;0.16666666666666666;0.36666666467984516;0.16666666666666666;Normal Conditions;653
6;2004;27.85;27.65;0.2;0.28333333134651184;0.3099999974171321;0.16666666666666666;Normal Conditions;654
7;2004;27.77;27.26;0.51;0.4699999938408534;0.4699999938408534;0.16666666666666666;Normal Conditions;655
8;2004;27.6;26.91;0.7;0.6433333357175192;0.6433333357175192;0.16666666666666666;Normal Conditions;656
9;2004;27.52;26.8;0.72;0.700000007947286;0.700000007947286;0.16666666666666666;Normal Conditions;657
10;2004;27.44;26.75;0.68;0.6700000166893005;0.700000007947286;0.28333333134651184;Normal Conditions;658
11;2004;27.36;26.75;0.61;0.6600000063578287;0.700000007947286;0.4699999938408534;Normal Conditions;659
12;2004;27.34;26.65;0.69;0.6866666674613953;0.700000007947286;0.6433333357175192;El Nino Event;660
1;2005;27.21;26.45;0.76;0.6366666654745737;0.700000007947286;0.6366666654745737;El Nino Event;661
2;2005;27.12;26.66;0.46;0.5833333233992258;0.6866666674613953;0.5833333233992258;El Nino Event;662
3;2005;27.74;27.21;0.53;0.4466666579246521;0.6866666674613953;0.4466666579246521;Normal Conditions;663
4;2005;28.09;27.73;0.35;0.4233333170413971;0.6866666674613953;0.4233333170413971;Normal Conditions;664
5;2005;28.24;27.85;0.39;0.2866666590174039;0.6366666654745737;0.2866666590174039;Normal Conditions;665
6;2005;27.77;27.65;0.12;0.10666666179895401;0.5833333233992258;0.10666666179895401;Normal Conditions;666
7;2005;27.07;27.26;-0.19;-0.05666666726271311;0.4466666579246521;-0.05666666726271311;Normal Conditions;667
8;2005;26.8;26.91;-0.1;-0.13333333283662796;0.4233333170413971;-0.13333333283662796;Normal Conditions;668
9;2005;26.68;26.8;-0.11;-0.10333333412806193;0.2866666590174039;-0.13333333283662796;Normal Conditions;669
10;2005;26.65;26.75;-0.1;-0.28333332886298496;0.10666666179895401;-0.28333332886298496;Normal Conditions;670
11;2005;26.11;26.75;-0.64;-0.570000005265077;-0.05666666726271311;-0.570000005265077;Normal Conditions;671
12;2005;25.68;26.65;-0.97;-0.8400000135103861;-0.10333333412806193;-0.8400000135103861;Normal Conditions;672
1;2006;25.64;26.55;-0.91;-0.8500000238418579;-0.10333333412806193;-0.8500000238418579;Normal Conditions;673
2;2006;26.09;26.76;-0.67;-0.7633333404858907;-0.28333332886298496;-0.8500000238418579;Normal Conditions;674
3;2006;26.58;27.29;-0.71;-0.5666666626930237;-0.5666666626930237;-0.8500000238418579;La Nina Event;675
4;2006;27.51;27.83;-0.32;-0.37333332498868305;-0.37333332498868305;-0.8500000238418579;Normal Conditions;676
5;2006;27.85;27.94;-0.09;-0.13666666547457376;-0.13666666547457376;-0.8500000238418579;Normal Conditions;677
6;2006;27.73;27.73;0;-0.02666666793326537;-0.02666666793326537;-0.7633333404858907;Normal Conditions;678
7;2006;27.3;27.29;0.01;0.10666666738688946;0.10666666738688946;-0.5666666626930237;Normal Conditions;679
8;2006;27.16;26.86;0.31;0.3066666753341754;0.3066666753341754;-0.37333332498868305;Normal Conditions;680
9;2006;27.32;26.72;0.6;0.5366666714350382;0.5366666714350382;-0.13666666547457376;Normal Conditions;681
10;2006;27.42;26.72;0.7;0.7633333404858907;0.7633333404858907;-0.02666666793326537;Normal Conditions;682
11;2006;27.7;26.7;0.99;0.9433333277702332;0.9433333277702332;0.10666666738688946;Normal Conditions;683
12;2006;27.74;26.6;1.14;0.9433333277702332;0.9433333277702332;0.3066666753341754;Normal Conditions;684
1;2007;27.25;26.55;0.7;0.6566666563351949;0.9433333277702332;0.5366666714350382;El Nino Event;685
2;2007;26.9;26.76;0.13;0.2166666587193807;0.9433333277702332;0.2166666587193807;Normal Conditions;686
3;2007;27.12;27.29;-0.18;-0.12000000476837158;0.9433333277702332;-0.12000000476837158;Normal Conditions;687
4;2007;27.51;27.83;-0.31;-0.3200000027815501;0.9433333277702332;-0.3200000027815501;Normal Conditions;688
5;2007;27.46;27.94;-0.47;-0.3800000051657359;0.6566666563351949;-0.3800000051657359;Normal Conditions;689
6;2007;27.37;27.73;-0.36;-0.47333332896232605;0.2166666587193807;-0.47333332896232605;Normal Conditions;690
7;2007;26.7;27.29;-0.59;-0.5566666722297668;-0.12000000476837158;-0.5566666722297668;Normal Conditions;691
8;2007;26.13;26.86;-0.72;-0.8066666722297668;-0.3200000027815501;-0.8066666722297668;Normal Conditions;692
9;2007;25.61;26.72;-1.11;-1.0733333428700764;-0.3800000051657359;-1.0733333428700764;Normal Conditions;693
10;2007;25.33;26.72;-1.39;-1.34333332379659;-0.47333332896232605;-1.34333332379659;Normal Conditions;694
11;2007;25.17;26.7;-1.53;-1.5;-0.5566666722297668;-1.5;La Nina Event;695
12;2007;25.02;26.6;-1.58;-1.596666653951009;-0.8066666722297668;-1.596666653951009;La Nina Event;696
1;2008;24.87;26.55;-1.68;-1.6399999856948853;-1.0733333428700764;-1.6399999856948853;La Nina Event;697
2;2008;25.1;26.76;-1.66;-1.5166666507720947;-1.34333332379659;-1.6399999856948853;La Nina Event;698
3;2008;26.09;27.29;-1.21;-1.2866666714350383;-1.2866666714350383;-1.6399999856948853;La Nina Event;699
4;2008;26.84;27.83;-0.99;-1.0133333404858906;-1.0133333404858906;-1.6399999856948853;La Nina Event;700
5;2008;27.09;27.94;-0.84;-0.8366666634877523;-0.8366666634877523;-1.6399999856948853;La Nina Event;701
6;2008;27.04;27.73;-0.68;-0.6066666642824808;-0.6066666642824808;-1.5166666507720947;La Nina Event;702
7;2008;26.99;27.29;-0.3;-0.3700000047683716;-0.3700000047683716;-1.2866666714350383;Normal Conditions;703
8;2008;26.72;26.86;-0.13;-0.22666666905085245;-0.22666666905085245;-1.0133333404858906;Normal Conditions;704
9;2008;26.47;26.72;-0.25;-0.24333332975705466;-0.22666666905085245;-0.8366666634877523;Normal Conditions;705
10;2008;26.37;26.72;-0.35;-0.35333333412806195;-0.22666666905085245;-0.6066666642824808;Normal Conditions;706
11;2008;26.25;26.7;-0.46;-0.5566666722297668;-0.22666666905085245;-0.5566666722297668;Normal Conditions;707
12;2008;25.74;26.6;-0.86;-0.7366666694482168;-0.22666666905085245;-0.7366666694482168;Normal Conditions;708
1;2009;25.67;26.55;-0.89;-0.846666673819224;-0.24333332975705466;-0.846666673819224;Normal Conditions;709
2;2009;25.97;26.76;-0.79;-0.7933333317438761;-0.35333333412806195;-0.846666673819224;Normal Conditions;710
3;2009;26.6;27.29;-0.7;-0.6133333345254263;-0.5566666722297668;-0.846666673819224;La Nina Event;711
4;2009;27.48;27.83;-0.35;-0.32999999448657036;-0.32999999448657036;-0.846666673819224;Normal Conditions;712
5;2009;27.99;27.94;0.06;0.00666666900118192;0.00666666900118192;-0.846666673819224;Normal Conditions;713
6;2009;28.04;27.73;0.31;0.2833333301047484;0.2833333301047484;-0.7933333317438761;Normal Conditions;714
7;2009;27.77;27.29;0.48;0.4499999980131785;0.4499999980131785;-0.6133333345254263;Normal Conditions;715
8;2009;27.42;26.86;0.56;0.573333332935969;0.573333332935969;-0.32999999448657036;Normal Conditions;716
9;2009;27.4;26.72;0.68;0.7099999984105428;0.7099999984105428;0.00666666900118192;Normal Conditions;717
10;2009;27.61;26.72;0.89;1.0066666801770527;1.0066666801770527;0.2833333301047484;Normal Conditions;718
11;2009;28.15;26.7;1.45;1.3566666841506958;1.3566666841506958;0.4499999980131785;Normal Conditions;719
12;2009;28.33;26.6;1.73;1.5633333524068196;1.5633333524068196;0.573333332935969;El Nino Event;720
1;2010;28.06;26.55;1.51;1.496666669845581;1.5633333524068196;0.7099999984105428;El Nino Event;721
2;2010;28.01;26.76;1.25;1.2199999888737996;1.5633333524068196;1.0066666801770527;El Nino Event;722
3;2010;28.19;27.29;0.9;0.8433333237965902;1.5633333524068196;0.8433333237965902;El Nino Event;723
4;2010;28.21;27.83;0.38;0.35333332419395447;1.5633333524068196;0.35333332419395447;Normal Conditions;724
5;2010;27.72;27.94;-0.22;-0.17666666706403097;1.496666669845581;-0.17666666706403097;Normal Conditions;725
6;2010;27.04;27.73;-0.69;-0.6600000162919363;1.2199999888737996;-0.6600000162919363;Normal Conditions;726
7;2010;26.22;27.29;-1.07;-1.04666668176651;0.8433333237965902;-1.04666668176651;Normal Conditions;727
8;2010;25.47;26.86;-1.38;-1.346666693687439;0.35333332419395447;-1.346666693687439;Normal Conditions;728
9;2010;25.12;26.72;-1.59;-1.5533333619435628;-0.17666666706403097;-1.5533333619435628;Normal Conditions;729
10;2010;25.03;26.72;-1.69;-1.6400000254313152;-0.6600000162919363;-1.6400000254313152;La Nina Event;730
11;2010;25.06;26.7;-1.64;-1.6433333555857341;-1.04666668176651;-1.6433333555857341;La Nina Event;731
12;2010;25;26.6;-1.6;-1.59333332379659;-1.346666693687439;-1.6433333555857341;La Nina Event;732
1;2011;25.01;26.55;-1.54;-1.4166666666666667;-1.4166666666666667;-1.6433333555857341;La Nina Event;733
2;2011;25.66;26.76;-1.11;-1.1899999976158142;-1.1899999976158142;-1.6433333555857341;La Nina Event;734
3;2011;26.38;27.29;-0.92;-0.9300000071525574;-0.9300000071525574;-1.6433333555857341;La Nina Event;735
4;2011;27.07;27.83;-0.76;-0.7333333293596903;-0.7333333293596903;-1.59333332379659;La Nina Event;736
5;2011;27.41;27.94;-0.52;-0.5533333222071329;-0.5533333222071329;-1.4166666666666667;La Nina Event;737
6;2011;27.35;27.73;-0.38;-0.43999998768170673;-0.43999998768170673;-1.1899999976158142;Normal Conditions;738
7;2011;26.87;27.29;-0.42;-0.47999998927116394;-0.43999998768170673;-0.9300000071525574;Normal Conditions;739
8;2011;26.21;26.86;-0.64;-0.6199999948342642;-0.43999998768170673;-0.7333333293596903;Normal Conditions;740
9;2011;25.92;26.72;-0.8;-0.8299999833106995;-0.43999998768170673;-0.8299999833106995;Normal Conditions;741
10;2011;25.67;26.72;-1.05;-1.009999970595042;-0.43999998768170673;-1.009999970595042;Normal Conditions;742
11;2011;25.52;26.7;-1.18;-1.0933332840601604;-0.47999998927116394;-1.0933332840601604;Normal Conditions;743
12;2011;25.55;26.6;-1.05;-1.0333333015441895;-0.6199999948342642;-1.0933332840601604;La Nina Event;744
1;2012;25.68;26.55;-0.87;-0.8633333245913187;-0.8299999833106995;-1.0933332840601604;La Nina Event;745
2;2012;26.1;26.76;-0.67;-0.7166666785875956;-0.7166666785875956;-1.0933332840601604;La Nina Event;746
3;2012;26.69;27.29;-0.61;-0.5900000135103861;-0.5900000135103861;-1.0933332840601604;La Nina Event;747
4;2012;27.33;27.83;-0.49;-0.47333333889643353;-0.47333333889643353;-1.0333333015441895;Normal Conditions;748
5;2012;27.62;27.94;-0.32;-0.26333333427707356;-0.26333333427707356;-0.8633333245913187;Normal Conditions;749
6;2012;27.75;27.73;0.02;-0.01666666443149249;-0.01666666443149249;-0.7166666785875956;Normal Conditions;750
7;2012;27.54;27.29;0.25;0.24666666612029076;0.24666666612029076;-0.5900000135103861;Normal Conditions;751
8;2012;27.32;26.86;0.47;0.36666666467984516;0.36666666467984516;-0.47333333889643353;Normal Conditions;752
9;2012;27.1;26.72;0.38;0.3699999948342641;0.3699999948342641;-0.26333333427707356;Normal Conditions;753
10;2012;26.98;26.72;0.26;0.26333333055178326;0.3699999948342641;-0.01666666443149249;Normal Conditions;754
11;2012;26.86;26.7;0.15;0.05333333214124044;0.3699999948342641;0.05333333214124044;Normal Conditions;755
12;2012;26.35;26.6;-0.25;-0.20999998847643533;0.3699999948342641;-0.20999998847643533;Normal Conditions;756
1;2013;26.02;26.55;-0.53;-0.42999998728434247;0.3699999948342641;-0.42999998728434247;Normal Conditions;757
2;2013;26.25;26.76;-0.51;-0.42999998728434247;0.26333333055178326;-0.42999998728434247;Normal Conditions;758
3;2013;27.04;27.29;-0.25;-0.33666666348775226;0.05333333214124044;-0.42999998728434247;Normal Conditions;759
4;2013;27.58;27.83;-0.25;-0.3000000019868215;-0.20999998847643533;-0.42999998728434247;Normal Conditions;760
5;2013;27.53;27.94;-0.4;-0.36000000437100727;-0.3000000019868215;-0.42999998728434247;Normal Conditions;761
6;2013;27.3;27.73;-0.43;-0.40666666626930237;-0.3000000019868215;-0.42999998728434247;Normal Conditions;762
7;2013;26.9;27.29;-0.39;-0.399999996026357;-0.3000000019868215;-0.40666666626930237;Normal Conditions;763
8;2013;26.47;26.86;-0.38;-0.3166666626930237;-0.3000000019868215;-0.40666666626930237;Normal Conditions;764
9;2013;26.53;26.72;-0.18;-0.25333333512147266;-0.25333333512147266;-0.40666666626930237;Normal Conditions;765
10;2013;26.52;26.72;-0.2;-0.17333333690961203;-0.17333333690961203;-0.40666666626930237;Normal Conditions;766
11;2013;26.56;26.7;-0.14;-0.17000000178813934;-0.17000000178813934;-0.399999996026357;Normal Conditions;767
12;2013;26.43;26.6;-0.17;-0.26666667064030963;-0.17000000178813934;-0.3166666626930237;Normal Conditions;768
1;2014;26.06;26.55;-0.49;-0.42333334187666577;-0.17000000178813934;-0.42333334187666577;Normal Conditions;769
2;2014;26.15;26.76;-0.61;-0.46000000834465027;-0.17000000178813934;-0.46000000834465027;Normal Conditions;770
3;2014;27.02;27.29;-0.28;-0.26666667064030963;-0.17000000178813934;-0.46000000834465027;Normal Conditions;771
4;2014;27.91;27.83;0.09;0.04333333174387614;0.04333333174387614;-0.46000000834465027;Normal Conditions;772
5;2014;28.26;27.94;0.32;0.21333333353201547;0.21333333353201547;-0.46000000834465027;Normal Conditions;773
6;2014;27.96;27.73;0.23;0.1633333327869574;0.21333333353201547;-0.46000000834465027;Normal Conditions;774
7;2014;27.23;27.29;-0.06;0.046666668727993965;0.21333333353201547;-0.26666667064030963;Normal Conditions;775
8;2014;26.83;26.86;-0.03;0.06666666455566883;0.21333333353201547;0.04333333174387614;Normal Conditions;776
9;2014;27.01;26.72;0.29;0.23333332998057207;0.23333332998057207;0.046666668727993965;Normal Conditions;777
10;2014;27.16;26.72;0.44;0.49333332975705463;0.49333332975705463;0.046666668727993965;Normal Conditions;778
11;2014;27.46;26.7;0.75;0.6366666754086813;0.6366666754086813;0.046666668727993965;Normal Conditions;779
12;2014;27.32;26.6;0.72;0.6600000063578287;0.6600000063578287;0.06666666455566883;Normal Conditions;780
1;2015;27.06;26.55;0.51;0.5500000019868215;0.6600000063578287;0.23333332998057207;Normal Conditions;781
2;2015;27.18;26.76;0.42;0.4666666587193807;0.6600000063578287;0.4666666587193807;Normal Conditions;782
3;2015;27.77;27.29;0.47;0.5299999912579855;0.6600000063578287;0.4666666587193807;Normal Conditions;783
4;2015;28.53;27.83;0.7;0.6966666678587595;0.6966666678587595;0.4666666587193807;Normal Conditions;784
5;2015;28.85;27.94;0.92;0.9299999872843424;0.9299999872843424;0.4666666587193807;Normal Conditions;785
6;2015;28.9;27.73;1.17;1.1800000071525574;1.1800000071525574;0.4666666587193807;Normal Conditions;786
7;2015;28.75;27.29;1.45;1.5166666507720947;1.5166666507720947;0.5299999912579855;El Nino Event;787
8;2015;28.78;26.86;1.93;1.8600000143051147;1.8600000143051147;0.6966666678587595;El Nino Event;788
9;2015;28.92;26.72;2.2;2.163333296775818;2.163333296775818;0.9299999872843424;El Nino Event;789
10;2015;29.07;26.72;2.36;2.4233333269755044;2.4233333269755044;1.1800000071525574;El Nino Event;790
11;2015;29.41;26.7;2.71;2.5733333428700766;2.5733333428700766;1.5166666507720947;El Nino Event;791
12;2015;29.26;26.6;2.65;2.640000025431315;2.640000025431315;1.8600000143051147;El Nino Event;792
1;2016;29.11;26.55;2.56;2.4833333492279053;2.640000025431315;2.163333296775818;El Nino Event;793
2;2016;29;26.76;2.24;2.1366666555404663;2.640000025431315;2.1366666555404663;El Nino Event;794
3;2016;28.9;27.29;1.61;1.5833333333333333;2.640000025431315;1.5833333333333333;El Nino Event;795
4;2016;28.73;27.83;0.9;0.9366666674613953;2.640000025431315;0.9366666674613953;El Nino Event;796
5;2016;28.24;27.94;0.3;0.3899999962498744;2.4833333492279053;0.3899999962498744;Normal Conditions;797
6;2016;27.7;27.73;-0.03;-0.06666666207214196;2.1366666555404663;-0.06666666207214196;Normal Conditions;798
7;2016;26.82;27.29;-0.47;-0.35666666366159916;1.5833333333333333;-0.35666666366159916;Normal Conditions;799
8;2016;26.28;26.86;-0.57;-0.5366666615009308;0.9366666674613953;-0.5366666615009308;Normal Conditions;800
9;2016;26.15;26.72;-0.57;-0.6266666650772095;0.3899999962498744;-0.6266666650772095;Normal Conditions;801
10;2016;25.98;26.72;-0.74;-0.6899999976158142;-0.06666666207214196;-0.6899999976158142;Normal Conditions;802
11;2016;25.95;26.7;-0.76;-0.6666666666666666;-0.35666666366159916;-0.6899999976158142;Normal Conditions;803
12;2016;26.1;26.6;-0.5;-0.5633333325386047;-0.5366666615009308;-0.6899999976158142;La Nina Event;804
1;2017;26.12;26.55;-0.43;-0.33666666845480603;-0.33666666845480603;-0.6899999976158142;Normal Conditions;805
2;2017;26.68;26.76;-0.08;-0.16000000201165676;-0.16000000201165676;-0.6899999976158142;Normal Conditions;806
3;2017;27.33;27.29;0.03;0.05333333152035872;0.05333333152035872;-0.6666666666666666;Normal Conditions;807
4;2017;28.04;27.83;0.21;0.20000000235935053;0.20000000235935053;-0.5633333325386047;Normal Conditions;808
5;2017;28.3;27.94;0.36;0.30000000695387524;0.30000000695387524;-0.33666666845480603;Normal Conditions;809
6;2017;28.06;27.73;0.33;0.3133333424727122;0.3133333424727122;-0.16000000201165676;Normal Conditions;810
7;2017;27.54;27.29;0.25;0.1400000055631002;0.3133333424727122;0.05333333152035872;Normal Conditions;811
8;2017;26.7;26.86;-0.16;-0.11333333452542622;0.3133333424727122;-0.11333333452542622;Normal Conditions;812
9;2017;26.29;26.72;-0.43;-0.38333333532015484;0.3133333424727122;-0.38333333532015484;Normal Conditions;813
10;2017;26.15;26.72;-0.56;-0.649999996026357;0.3133333424727122;-0.649999996026357;Normal Conditions;814
11;2017;25.74;26.7;-0.96;-0.8366666634877523;0.1400000055631002;-0.8366666634877523;Normal Conditions;815
12;2017;25.62;26.6;-0.99;-0.9766666690508524;-0.11333333452542622;-0.9766666690508524;Normal Conditions;816
1;2018;25.57;26.55;-0.98;-0.9166666666666666;-0.38333333532015484;-0.9766666690508524;Normal Conditions;817
2;2018;25.98;26.76;-0.78;-0.8533333341280619;-0.649999996026357;-0.9766666690508524;La Nina Event;818
3;2018;26.5;27.29;-0.8;-0.6966666579246521;-0.6966666579246521;-0.9766666690508524;La Nina Event;819
4;2018;27.32;27.83;-0.51;-0.5033333351214727;-0.5033333351214727;-0.9766666690508524;La Nina Event;820
5;2018;27.74;27.94;-0.2;-0.21999999756614366;-0.21999999756614366;-0.9166666666666666;Normal Conditions;821
6;2018;27.77;27.73;0.05;-0.010000001639127731;-0.010000001639127731;-0.8533333341280619;Normal Conditions;822
7;2018;27.42;27.29;0.12;0.08666666721304257;0.08666666721304257;-0.6966666579246521;Normal Conditions;823
8;2018;26.95;26.86;0.09;0.2266666665673256;0.2266666665673256;-0.5033333351214727;Normal Conditions;824
9;2018;27.19;26.72;0.47;0.4866666595141093;0.4866666595141093;-0.21999999756614366;Normal Conditions;825
10;2018;27.62;26.72;0.9;0.7566666503747305;0.7566666503747305;-0.010000001639127731;Normal Conditions;826
11;2018;27.61;26.7;0.9;0.8966666460037231;0.8966666460037231;0.08666666721304257;Normal Conditions;827
12;2018;27.49;26.6;0.89;0.8133333126703898;0.8966666460037231;0.2266666665673256;Normal Conditions;828
1;2019;27.2;26.55;0.65;0.749999980131785;0.8966666460037231;0.4866666595141093;Normal Conditions;829
2;2019;27.48;26.76;0.71;0.7199999888737997;0.8966666460037231;0.7199999888737997;El Nino Event;830
3;2019;28.1;27.29;0.8;0.7099999984105428;0.8966666460037231;0.7099999984105428;El Nino Event;831
4;2019;28.45;27.83;0.62;0.6566666762034098;0.8133333126703898;0.6566666762034098;El Nino Event;832
5;2019;28.49;27.94;0.55;0.5400000015894572;0.749999980131785;0.5400000015894572;El Nino Event;833
6;2019;28.18;27.73;0.45;0.4499999980131785;0.7199999888737997;0.4499999980131785;Normal Conditions;834
7;2019;27.64;27.29;0.35;0.2799999937415123;0.7099999984105428;0.2799999937415123;Normal Conditions;835
8;2019;26.9;26.86;0.04;0.1433333307504654;0.6566666762034098;0.1433333307504654;Normal Conditions;836
9;2019;26.75;26.72;0.04;0.18666666249434152;0.5400000015894572;0.1433333307504654;Normal Conditions;837
10;2019;27.2;26.72;0.48;0.346666656434536;0.4499999980131785;0.1433333307504654;Normal Conditions;838
11;2019;27.23;26.7;0.52;0.5066666503747305;0.5066666503747305;0.1433333307504654;Normal Conditions;839
12;2019;27.12;26.6;0.52;0.546666661898295;0.546666661898295;0.1433333307504654;Normal Conditions;840
1;2020;27.16;26.55;0.6;0.49666666984558105;0.546666661898295;0.18666666249434152;Normal Conditions;841
2;2020;27.13;26.76;0.37;0.4833333392937978;0.546666661898295;0.346666656434536;Normal Conditions;842
3;2020;27.77;27.29;0.48;0.4033333361148834;0.546666661898295;0.4033333361148834;Normal Conditions;843
4;2020;28.19;27.83;0.36;0.1899999976158142;0.546666661898295;0.1899999976158142;Normal Conditions;844
5;2020;27.66;27.94;-0.27;-0.08333333333333333;0.49666666984558105;-0.08333333333333333;Normal Conditions;845
6;2020;27.39;27.73;-0.34;-0.3033333420753479;0.4833333392937978;-0.3033333420753479;Normal Conditions;846
7;2020;26.99;27.29;-0.3;-0.4099999964237213;0.4033333361148834;-0.4099999964237213;Normal Conditions;847
8;2020;26.27;26.86;-0.59;-0.5733333230018616;0.1899999976158142;-0.5733333230018616;Normal Conditions;848
9;2020;25.89;26.72;-0.83;-0.8899999856948853;-0.08333333333333333;-0.8899999856948853;Normal Conditions;849
10;2020;25.46;26.72;-1.25;-1.1666666467984517;-0.3033333420753479;-1.1666666467984517;Normal Conditions;850
11;2020;25.28;26.7;-1.42;-1.2733333110809326;-0.4099999964237213;-1.2733333110809326;Normal Conditions;851
12;2020;25.45;26.6;-1.15;-1.1899999777475994;-0.5733333230018616;-1.2733333110809326;La Nina Event;852
1;2021;25.55;26.55;-1;-1.049999992052714;-0.8899999856948853;-1.2733333110809326;La Nina Event;853
2;2021;25.76;26.76;-1;-0.9399999976158142;-0.9399999976158142;-1.2733333110809326;La Nina Event;854
3;2021;26.47;27.29;-0.82;-0.9099999964237213;-0.9099999964237213;-1.2733333110809326;La Nina Event;855
